slug,Concelho,Agenda events,On site,Last swept,Notes
lisboa,Lisboa,1374,183,2026-10-02,"2 Oct: slice = infantil (next: concertos again or family/exposicoes). CCB education-programme rows dominate (school visits, not public events) - nothing new worth adding. || 1 Oct: slice = exposicoes (next: danca, infantil). Only 5 rows, all already on site (Frida Orupabo etc). || 29 Sep: Lisboa slice = teatro (next: exposicoes, danca, infantil). Only 6 rows, all already on site. 27 Sep CONFLICT RESOLVED (see note below): masqueticket.com confirms Transvision Vamp play LISBOA (LAV - Lisboa ao Vivo) on 30 SEP and PORTO (Hard Club) on 1 OCT, both 20:30, EUR 32.50. The live Porto row was WRONG - it had the Porto show on 30 Sep; corrected to 1 Oct and given the real price. The Lisboa date was added. LESSON: when the same act appears on two district pages for the SAME night, it is a date error, not two gigs - a ticketing page settles it in one fetch, and that is also the cheapest way to fill the price column.  || 27 Sep VENUE-RULE CLEANUP: a live row here was carrying an EMPTY venue column and was deleted this run (it rendered as a broken card). The event is real and worth re-adding once a room or a named start point is found: 'Festas na Rua' (8 Sep - 4 Oct, a city-wide umbrella festival - find the individual stages rather than one venue). || 27 Sep: CONCERTOS slice re-used (rotation: concertos 24, danca 25, teatro 26, concertos again 27 - exposicoes and infantil stay skipped per their verdicts; NEXT UP danca, then teatro). Only 14 usable new rows from ~60 - three days after the last concertos fetch the page had largely turned over to the same acts. NEW SLICE TESTED AND DEAD: www.nocartaz.pt/distrito/lisboa/festas/ RETURNS A 404 - there is no 'festas' genre slice; do not try it again. The five genre slices named in earlier notes (concertos, teatro, exposicoes, danca, infantil) appear to be the complete set. TRAPS RE-CONFIRMED ON THE CONCERTOS SLICE, all unchanged from 24 Sep: tourist products listed as concerts with a 'desde XX EUR' price and no venue (Tour historico Lisboa 48 horas, Belem Guided Walking Tour, Visita guiada a Belem + Mosteiro dos Jeronimos) - skip anything with a price but no venue; heavy internal duplication, the same gig printed 2-3 times under different title spellings (Beto Guedes x2, Postcards x2, Pacifica x2, Radio Macau x3, Black Coffee x2, Scoop/Manferior/Spiritual Decay all being ONE Arroz Estudios bill); 'Lisbon Portugal', 'TBC' and 'Casa de Fado | 2026' printed in the venue column - not rooms; CCB rows at 10:00 are the school-booking flood again (Cloudbusting and Da Pele both 2 Oct 10:00 - the Cloudbusting row already on site as 3 Oct was LEFT ALONE, the 10:00 slot is the schools session not the public one). NEW CONFLICT, UNRESOLVED AND WORTH ONE FETCH: the slice prints TRANSVISION VAMP at LAV Lisboa on 30 Sep, but the site already carries Transvision Vamp at the Hard Club in PORTO on 30 Sep (added 26 Sep from distrito/porto). A band cannot play both cities the same night - ONE OF THE TWO IS WRONG. Neither row was added/changed this run; check everythingisnew.pt or songkick to settle it. Still-unresolved from 26 Sep: Dario Guerreiro/Primogenito is on site as 13 Oct at Teatro da Trindade but the teatro slice printed 3 Oct. || 26 Sep: TEATRO slice re-used (rotation: concertos 24, danca 25, teatro 26 - next up exposicoes/infantil, both previously verdicted near-worthless, or repeat concertos/danca). 7 usable new rows added (Exílio em Manaus and Boa Noite Mãe both at Malaposta/Odivelas 27 Sep; Rosaline a Ex do Romeu at Casino Lisboa 1 Oct; Ájax at ZDB 1 Oct; Hedda Gabler at Palácio Baldaya 2 Oct; Estupenda stand-up at Cossoul 28 Sep; Imitação dos Pássaros at Teatro Variedades 30 Sep). HEAVY DUPLICATION AGAIN: most of the slice's ~60 rows were already on site under near-identical titles (Woyzeck, Superstar, Pura Loucura, Uma Casa Com Certeza, Clube dos Poetas Mortos). NOTE A DATE CONFLICT, unresolved: Dário Guerreiro/Primogénito is on site as 13 Oct at Teatro da Trindade, but this teatro slice printed it as 3 Oct at the same venue - left the existing row untouched, worth checking teatrotrindade.inatel.pt directly next time. O Deus da Carnificina still prints with no venue on every mention - skipped again. || 25 Sep: DANCA slice used (rotation: concertos 24 Sep, danca 25 Sep - next up TEATRO; skip exposicoes and infantil per earlier verdicts). SLICE VERDICT CONFIRMED: danca remains the best slice - it reached 6 Apr 2027 and carried a real one-line description on nearly every row. 6 usable new rows (Fazer falar o Fazer 9 Oct Estudios Victor Cordon; Flamenco Fusion 31 Oct Casino Estoril - files under CASCAIS; The Nutcracker Ice Show 14 Nov Cinema City Campo Pequeno; Lago dos Cisnes 4 Dec and Quebra-Nozes 6 Dec both Teatro Tivoli BBVA; Rythm of the Dance 6 Apr 2027 Tivoli). TRAPS SEEN THIS RUN ON THE DANCA SLICE: (1) TWO ROWS CONTRADICT THEMSELVES - 'one mysterious Thing, said e.e. cummings' prints venue 'Rumo do Fumo' but its description says Festival Pedra Dura em LAGOS, and 'Autonomia 72 - Vera Mantero' prints 'Rumo do Fumo' but its description says the premiere is at the CCB. Both SKIPPED; when a danca row's venue and description name different houses, skip it. (2) 'Festival Iminente' still prints as a venue on 4 Oeiras rows, 'Celeiro da Patriarcal' on a Vila Franca row, 'Companhia Olga Roriz' on one, and 'Mafra' prints the town as the venue twice - all unchanged from the 22 Sep note. (3) MURMURATION | LEVEL 2 prints no venue and no town at all. (4) RYTHM OF THE DANCE still carries the placeholder time 10:52 but its DATE checks out (ter 06 abr = Tue 6 Apr 2027). ||  || 24 Sep NEW-SOURCE SWEEP. KEEP: www.coliseulisboa.com (the SITE ROOT - /agenda/ is a 404) lists the Coliseu dos Recreios calendar to Jun 2027. No descriptions and no prices, but it is the cheapest way to keep Major concert rows current for that hall, and it flags sold-out shows ('Lotacao Esgotada'). MARGINAL: gulbenkian.pt/agenda/ loads and reaches early Oct but prints NO VENUE and NO DESCRIPTION on any row - the Gulbenkian has several halls, so its rows cannot be written under the venue rule without a second fetch per event; low value for the cost. MARGINAL: ccb.pt/agenda reaches May 2027 with descriptions, but almost everything on it is an exhibition RUN or a 'Programa Vincular' SCHOOL BOOKING (Primeira Infancia, Pre-escolar, Primeiro Ciclo...) - the same flood that made the nocartaz infantil slice worthless; maybe 4 usable dated rows in the whole page. MARGINAL: saocarlos.pt/en/program/ reaches Jul 2027 but the company is still playing 'fora de portas', so each production lists SEVERAL venues in other cities (Carmen at CCB AND Teatro Micaelense; Fidelio at Teatro Municipal Joaquim Benite in ALMADA and Bragança) - useful for spotting when opera lands in the home region, not for bulk rows. DEAD: cinemateca.pt times out on fetch. || 24 Sep: CONCERTOS slice used (rotation: concertos 20 Sep, teatro 21, exposicoes+danca 22, infantil 23, concertos 24 - next up TEATRO or DANCA, skip exposicoes and infantil per the verdicts below). SLICE VERDICT: concertos remains the best-yielding slice after danca - 22 usable rows from one fetch, and a real one-line description on roughly half. TRAPS ON THE CONCERTOS SLICE: (1) TOURIST PRODUCTS ARE LISTED AS CONCERTS - 'Tour historico Lisboa: 48 horas', 'Visita guiada a Belem + Mosteiro dos Jeronimos', 'The Lisbon Boat Party' all appear with a 'desde XX EUR' price and no venue; they are GetYourGuide-style bookings, not events - skip anything with a price but no venue. (2) HEAVY INTERNAL DUPLICATION - the same act appears 2-4 times under different title spellings (Ty Segall x3, Fat Freddy's Drop x3, Flora Hibberd x4, Baleia Baleia Baleia x3, Mi Casa x2, Myles Sanko x2); dedupe within the page before writing. (3) 'Brunch Electronik Lisboa' prints as its own venue - banner, not a room. (4) CROSS-LISTED: 'DESCENDENTES' and 'A LOVE SUPREME - Ricardo Toscano Quarteto' are at the Auditorio Municipal Ruy de Carvalho, which is OEIRAS, and 'ABBA MIA | Torres Vedras' and 'Opera Graffiti em Torres Vedras' are Torres Vedras events filed under Lisboa. Trust the venue. (5) Shinedoe at Lux Fragil prints 11:00 - a placeholder time for a club night. || || 23 Sep: INFANTIL slice used (rotation now: concertos, teatro, exposicoes, danca, infantil - next up teatro or danca). SLICE VERDICT: the INFANTIL slice is the second near-worthless one after exposicoes. It is flooded by CCB school-service rows - 'Primeira Infancia', 'Pre-escolar', 'Primeiro Ciclo', 'Segundo Ciclo' repeat EVERY DAY at 08:00 / 10:00 / 13:30 and are museum education bookings, not public events; roughly 45 of ~60 rows are these. Only 2 usable new rows came out (Cloudbusting 3 Oct and CRASSH Style 2 Oct, both CCB Big Bang festival). Prefer the DANCA slice; use infantil only when a run has budget to spare. Traps seen on it: 'O Principezinho - O Novo Musical' and 'O Fantastico Sr. Wolk' print no venue at all; two Mafra rows carry the impossible time 23:00. || Genre-slice rotation: concertos 13 Sep, teatro 15 Sep, exposicoes 16 Sep, danca 17 Sep, infantil 19 Sep, concertos 20 Sep, teatro 21 Sep, exposicoes + danca 22 Sep - next up infantil. IMPORTANT SLICE VERDICT 22 Sep: the EXPOSICOES slice is near-worthless - it returns permanent paid attractions (Museu das Ilusoes, Oceanario, Aquario Vasco da Gama, Museu de Marinha) repeated daily, not dated shows; skip it or expect ~1 usable row. The DANCA slice is the best of the five: it reached to April 2027, carried a description on most rows and yielded 13 rows this run. Traps on the danca slice: 'Festival Iminente', 'MyFrenchFilmFestival', 'PortDanceFest' and 'Companhia Olga Roriz' all print as venues; 'Mafra' and 'Cascais' print the town as the venue; 'RYTHM OF THE DANCE' carries the impossible time 10:52 (placeholder). 'O Rumo do Fumo' prints as 'Rumo do Fumo (concertos)' - the suffix is a category, the venue is real. THEATRE SWEEP 22 Sep (venue-level, not aggregator): teatrosaoluiz.pt/temporada/2026-2027/ is the single best theatre source found anywhere - the WHOLE season to Jul 2027 with a synopsis on most rows (48 rows taken); it prints no sala and no price. teatrotrindade.inatel.pt/programacao/ likewise gives the full season with author+director on nearly every row (15 rows). teatrovillaret.pt/tipo/programacao/ works but has NO descriptions and no prices. DEAD: www.tndm.pt returns 404 to a fetch on EVERY path tried (/pt/, /pt/programacao/espetaculos/, /pt/programacao/agenda-geral/, /pt/programacao/toda-a-programacao/) - do not spend more fetches on tndm.pt; D. Maria II shows DO appear on nocartaz (e.g. 'O ultimo telefone publico de Lisboa', 23 Sep), so harvest that house from nocartaz instead. teatroaberto.com/teatro/ is a hub page with no dates or rooms - not worth a fetch. LISBON THEATRE PUSH 22 Sep - Lisbon theatre rows went 21 -> 71 across 20 venues. WHAT WORKS (venue season pages): teatrosaoluiz.pt 48 rows, teatrotrindade.inatel.pt 15, teatrovillaret.pt 9, teatromeridional.net 2 runs WITH the performance pattern printed (Qua-Sab 21:00, Dom 16:00) - that site is the only one that gives playing days. NEW SOURCE, KEEP: teatro.app - a theatre-only national directory with a page per venue and stable slugs; it lists 85 LISBON VENUES (plus Porto 18, Coimbra 8, Almada 6, Evora 6, Braga 5). Its index is teatro.app/salas. Caveat: a venue page shows only what is currently on sale (Teatro Nacional D. Maria II returned just Macbeth), so it is ~1-3 rows per fetch - good for reaching houses no aggregator carries, bad ratio for bulk. It IS the way to reach D. Maria II since tndm.pt 404s. SCRIPT-LOADED, DO NOT FETCH AGAIN: culturgest.pt/pt/programacao/por-evento/, teatrodobairroalto.pt/pt/programa, teatroaberto.com/teatro/ - all return nav/metadata only. abarracateatro.com/agenda was refused with a robots.txt 429 (rate limited), worth one retry on a later run. bol.pt teatro category page lists shows but prints NO DATES - useless for rows. The nocartaz distrito/lisboa/teatro/ slice is the cheapest way to discover which houses are active: it named Teatro Maria Matos, Teatro Armando Cortez, Teatro da Comuna, Teatro Bocage, Teatro Taborda, Cossoul, AveNew Comedy Club and Casino Lisbo"
porto,Porto,898,38,2026-10-02,"2 Oct: nocartaz.pt/concelhos/porto serves only ~7 selected rows (Casa da Música, Hard Club, Serralves); added 5 Casa da Música/Hard Club rows. Page is thin - use district/porto slices for depth. || 27 Sep CONFLICT RESOLVED (see note below): masqueticket.com confirms Transvision Vamp play LISBOA (LAV - Lisboa ao Vivo) on 30 SEP and PORTO (Hard Club) on 1 OCT, both 20:30, EUR 32.50. The live Porto row was WRONG - it had the Porto show on 30 Sep; corrected to 1 Oct and given the real price. The Lisboa date was added. LESSON: when the same act appears on two district pages for the SAME night, it is a date error, not two gigs - a ticketing page settles it in one fetch, and that is also the cheapest way to fill the price column.  || 26 Sep: nocartaz distrito/porto/ (general district page, not a genre slice) swept instead of re-fetching teatromunicipaldoporto.pt (already fully harvested 25 Sep - fetching the same season page again the next day would be near-duplicate). 8 usable new rows added (Azymuth, Coração Ferido, Lise de la Salle, Mario Biondi, Transvision Vamp, Mercury Rev - all Casa da Música/Hard Club; Fantasie Minor at Teatro Municipal Constantino Nery in Matosinhos; Mosteiro de São Bento da Vitória reopening concerts, free). Most of the ~150 rows returned were ALREADY on site (Placebo, Moullinex, Myles Sanko, Arena Battle, Né Barros, Melissa Pérez Sousa, Sancha Meca Castro, Michael Haneke, Lee Ufan, Pizza Man, Caravana, Remix Ensemble) confirming heavy overlap between the district page and the Rivoli/Campo Alegre season page - alternate between the two rather than fetching both in the same week. Aggregator-as-venue strings confirmed again: 'Agenda Cultural Póvoa de Varzim (Município)', 'Festas de S. Pedro — Póvoa de Varzim', 'Agenda Cultural Amarante (Município)', 'Agenda Cultural Trofa (Município)', 'Indie Music Fest' (Paredes), 'Freakshow Labs' (Porto). || 25 Sep NEW SOURCE, KEEP - BEST PORTO SOURCE FOUND SO FAR: www.teatromunicipaldoporto.pt/pt/programa/ returns the WHOLE Rivoli + Campo Alegre season in one fetch, ~48 rows reaching 8 May 2027, and it prints THE ACTUAL ROOM on every single row (Rivoli - Grande Auditorio / Pequeno Auditorio / Subpalco / Palco do Grande Auditorio; Campo Alegre - Auditorio / Sala-Estudio / Cafe-Teatro / Cine-Estudio / Foyer). 24 rows taken this run, including the whole FIMP puppet festival (9-14 Oct). CAVEATS: no descriptions and no prices on any row, so blurbs must be written; a few rows print a garbled range ('Outubro 8-5, 2026' for Pequenas bibliotecas temporarias - skipped) and two print TWO houses at once ('Rivoli e Campo Alegre' for Particulas Elementares 8-10 Oct and Ballroom 6-8 May 2027 - skipped under the venue rule). IT ALSO CAUGHT A LIVE ERROR: our 'Clayton Nascimento - Macacos (26 Sep)' row was WRONG - the theatre lists the show on 25 Sep only, so the 26 Sep duplicate was DELETED. The same page upgraded the generic 'Teatro Municipal Rivoli' venue to the real room on the two 25 Sep rows (Clayton Nascimento -> Pequeno Auditorio, Norberto Lobo -> Subpalco). Use this page every week for Porto instead of another nocartaz sweep. || Genre-slice rotation matches Lisboa: teatro 15 Sep, exposicoes 16 Sep, danca 19 Sep, infantil 21 Sep - next up concertos. 22 Sep: swept via nocartaz distrito/porto/ instead of the concelho page - the DISTRICT page is much richer and covers a dozen concelhos at once (added rows for Matosinhos, Povoa de Varzim, Valongo, Lousada, Amarante, Baiao, Felgueiras, Paredes, Vila do Conde, Gondomar as well as Porto city). Confirms again: 'Indie Music Fest' is stamped on Paredes rows for events in other towns entirely (it filed the Feira Medieval de PALMELA under Paredes). Other aggregator-as-venue strings seen: 'Agenda Cultural Povoa de Varzim', 'Festas de S. Pedro', 'Correntes d'Escritas', 'Agenda Cultural Amarante', 'Agenda Eventos Marco de Canaveses', 'Agenda Cultural Trofa', 'Medeia Filmes', 'Freakshow Labs', and bare town names (Maia, Valongo, Gondomar, Vila Nova de Gaia, Matosinhos) in the venue column. THEATRE 22 Sep: distrito/porto/teatro/ adds the houses the general district page misses - Teatro Nacional Sao Joao and Coliseu Porto Ageas both carry drama that the main sweep had not seen. 'Freakshow Labs' confirmed again as an aggregator name in the venue column, not a room."
coimbra,Coimbra,142,40,2026-09-26,"26 Sep: nocartaz.pt/concelhos/coimbra/ re-swept 4 days after the 22 Sep pass - MOSTLY ALREADY HARVESTED (over 20 of ~29 candidate rows were already on site under matching titles, confirming the 22 Sep sweep was thorough). Only 7 genuinely new rows added (A Janela Ainda Existe at CACC 29 Sep; Campeonato Nacional de Beatbox at Salão Brazil 17 Oct; NINA-NANA – Segue-me à Capela and O Sangue das Promessas: Incêndios both at Teatro da Cerca de São Bernardo; plus a few more). LESSON: a 4-day gap on an already-thoroughly-swept concelho gives low marginal return - space out Coimbra re-sweeps further and prefer a concelho with an older Last-swept date even at a similar listed-count. || Re-verification target 22 Sep: 21 live rows starting within 14 days were re-checked against the concelho page and ALL 21 were confirmed unchanged - same date, same venue. Page remains the best national source after Aveiro. New this run: the Jazz ao Centro festival block at Salao Brazil (1-10 Oct) had not been harvested - 8 nights added. Skipped: the umbrella 'Festival Jazz ao Centro' row (kept the individual nights instead), a row whose TITLE is literally 'TICKETLINE', and rows whose venue column prints 'Coimbra' or 'Agenda de Coimbra (portal)'. Schonbrunn Palace Orchestra prints here too (25 Sep, venue 'Coimbra') - part of the same impossible-tour trap as Aveiro; skipped."
obidos,Óbidos,135,1,2026-10-02,"2 Oct: nocartaz.pt/concelhos/obidos is STILL ARCHIVE content - prints FÓLIO 2025 (8-20 Oct 2025) with 2025 titles. Do NOT harvest; skip until it shows 2026. || 29 Sep: nocartaz concelhos/obidos still shows only Oct-Dec 2025 rows (archive) - DEAD, do not fetch. 25 Sep NEW SOURCE TESTED, VERDICT MARGINAL: agenda.obidos.pt (the council's dedicated agenda site, found via search - cm-obidos.pt has at least five different event paths and none was needed) loads fine and reaches 3 Jan 2027, but it is mostly unusable. NO descriptions and NO prices on ANY row. Worse, the bulk of the page is (a) SIX year-long placeholder rows dated 01 JAN 26 - 31 DEZ 26 (MyMachine ateliers, Obidos Arqueologica, Um Banquete com Josefa d'Obidos) which are permanent offers, not dated events, and (b) parish festas whose venue column is a LOCALITY, not a room (A-dos-Negros, Arelho, Usseira, Gracieira, Tras-do-Outeiro, Bairro da Senhora da Luz) - unusable under the venue rule. FOLIO, the big international literary festival (8-18 Oct), is listed with the venue 'Vila de Obidos' - the town name, so it could not be written either; if a later run finds FOLIO's own site with real rooms it is the single most valuable Obidos row to add. Only 3 rows were publishable and all 3 were taken: the Museu Municipal exhibition (to 30 Sep), the Galeria novaOgiva show (to 27 Sep) and Obidos Vila Natal at the Cerca do Castelo (27 Nov - 3 Jan). Concelho goes 1 -> 4. The 135-event NoCartaz count for Obidos is almost certainly the same permanent/parish padding - do not expect a big harvest here. || nocartaz page returned 2025 archive (9 Sep). Council agenda.obidos.pt shows genuine 2026 dates - FOLIO 8-18 Oct 2026, Feira de Santa Iria 20 Oct, Vila Natal 27 Nov-3 Jan, parish festas - but NO venues beyond 'Vila de Obidos'/parish names, no times, no descriptions. Only Vila Natal (Cerca do Castelo) has been added. 20 Sep: tried folio.pt to get FOLIO a real venue as the last note suggested - IT CANNOT BE FETCHED (robots.txt fetch fails with an SSL certificate-verify error). Do not spend a fetch on folio.pt again; FOLIO needs a venue from some other source (press coverage, or the council's own festival page) before it can go on the site."
paredes,Paredes,119,13,2026-09-22,"Re-confirmed 22 Sep from the district page: 'Indie Music Fest' as venue is not just contamination, it is cross-town contamination - it filed the Feira Medieval de PALMELA under Paredes. Only Casa da Cultura de Paredes, Centro Cultural de Paredes and Praca Jose Guilherme are trustworthy. Two rows added on that basis."
braga,Braga,118,57,2026-09-27,"27 Sep: nocartaz distrito/braga/ swept - very rich (~170 rows reaching 7 Nov, a real one-line description on maybe two thirds) and it covers Braga, Guimaraes, Vila Nova de Famalicao, Barcelos, Fafe, Vizela, Esposende and Cabeceiras de Basto at once. 22 new Braga rows. MOST OF THE BIG-VENUE ROWS WERE ALREADY ON SITE (Deive Leonardo, Spinario, Schonbrunn 3 Oct, Acid Jazz com Jose Cid, Expo Animal, DJ Riscas, Braga Noivos, Salao Mobilidade, Protocolo de Seguranca, A Bela e o Monstro musical) - the yield here is in the SMALL recurring rooms, above all the Biblioteca Lucio Craveiro da Silva 'Ciclo de Cinema Lucky Star' (one screening most Tuesdays, each with a real film description) and Espaco Vita. TWO NEW BANNER-VENUE TRAPS FOUND, both large: 'Mucho Flow' is printed as the venue on ~30 Guimaraes rows and 'GUIdance - Danca Contemporanea' on ~12 more - both are FESTIVAL names, not rooms (GUIdance's real room, Centro Cultural Vila Flor, is already on site from an earlier run; Mucho Flow's is still unknown - a venue-less 'Mucho Flow - Pedro Melo Alves' row was DELETED this run and the festival needs its real venues from muchoflow's own site). Also banners here: 'Contextile - Bienal de Arte Textil Contemporanea', 'Romaria Nossa Senhora do Sameiro' (stamped on the Procissao de Velas), 'Sinfonietta de Braga' (an orchestra, not a room - it carries the Re:Opera row), 'Municipio de Cabeceiras de Basto (Agenda)', 'Municipio de Esposende (Eventos)', 'Festas, Feiras e Romarias de Esposende (Visit Esposende)'. Town-as-venue on every Vizela and most Barcelos rows. NOT A TRAP AFTER ALL: 'Verificando se voce e humano' looks like a bot-check string leaking into the listing but it is a REAL Ricardo Araujo Pereira comedy show, already on site twice. INCONSISTENCY TO FIX SOMETIME: the same Braga room is on site as both 'Forum Braga' and 'Altice Forum Braga', and Braga rows carry three different km values (330/380/400) while Guimaraes carries 320/370/390 - the km column needs one pass to normalise. || forumbraga.com root re-fetched 20 Sep as a re-verification pass - Noite Europeia dos Investigadores (25 Sep), Deive Leonardo (29 Sep) and Schonbrunn Palace Orchestra (3 Oct) ALL CONFIRMED on the same dates. The Forum Braga programme is essentially fully harvested to June 2027; only two rows were new this run ('Sob o olhar de Spinario', a free exhibition 29 Sep-8 Jan, and Braga Noivos, 23-25 Oct). Medical and professional congresses on that page (Paramiloidose, Encontro Renal, CONGREGA, Medicina Laboratorial, Medicina Geral e Familiar) are trade events - not harvested. THEATRE 22 Sep: nocartaz distrito/braga/teatro/ is rich - ~48 rows to May 2027 covering Guimaraes, Barcelos, Fafe, Vila Nova de Famalicao, Cabeceiras de Basto and Braga, most with a description. Traps: 'Vaudeville Rendez-vous' and 'Mucho Flow' print as venues; many shows appear TWICE with two different venue strings (La Distance at both CCVF and Espaco Oficina on the same date; the Theatro Circo guided tour doubled on every date). Venue naming fixed this run: 'Forum Braga' merged to 'Altice Forum Braga'."
aveiro,Aveiro,115,44,2026-10-01,"1 Oct: concelho page re-swept; ~90% already on site. Added 5 Teatro Aveirense rows Dec-Feb. Banner-venues (Bienal de Cerâmica, Festas do Município, Festas de São Gonçalinho) skipped. Schönbrunn orchestra still printed 1 and 3 Oct - skipped. Agrovouga 18 Oct has no real venue. || 24 Sep: swept the CONCELHO page (nocartaz.pt/concelhos/aveiro/) rather than the district page used on 22 Sep - it is still the deepest page found anywhere, reaching to 28 Dec, and it yielded ~33 new rows for October-December. Confirms the earlier verdict: descriptions on roughly half the rows, real venues throughout. Overlap with distrito/aveiro/ is small (only 3 rows duplicated). REAL ROOMS: Teatro Aveirense (and its named salas - Sala Principal, Sala Estudio, Salao Nobre, Caixa de Palco), ATLAS Aveiro - Biblioteca Municipal, CMIA - Centro Municipal de Interpretacao Ambiental, Casa de Musica - Quarteirao de Artes e Cultura (Aradas), Centro de Congressos de Aveiro, Parque de Exposicoes, Galeria da Antiga Capitania. NEW TRAP FOUND: 'Glicinias Plaza' (a shopping centre) is stamped as the venue on rows titled 'GLICINIAS APOIA CORRIDA SOLIDARIA AAUAV' and 'GLICINIAS APOIA CORRIDA DO FAROL' - these are sponsorship press releases for races held elsewhere, not events at the mall; skip anything starting 'GLICINIAS APOIA'. Also: 'Events' appears as a literal venue string on the PRISMA row. Several shows print TWICE, once in ALL CAPS with the bare venue and once in title case with the sala - merge them and keep the sala. || 22 Sep: swept via nocartaz distrito/aveiro/ rather than the concelho page - RICHEST SINGLE FETCH OF ANY RUN SO FAR, ~70 usable rows reaching to mid-Oct and covering nine concelhos at once (Aveiro, Ovar, Espinho, Santa Maria da Feira, Sao Joao da Madeira, Oliveira de Azemeis, Vale de Cambra, Albergaria-a-Velha, Ilhavo, Vagos, Agueda). PREFER THE DISTRICT PAGE OVER THE CONCELHO PAGE HERE. Schonbrunn trap CONFIRMED AND WORSE: the orchestra now prints at Teatro Aveirense on 25 Sep, 28 Sep (twice, one marked ESGOTADO), 1 Oct (three times) and 3 Oct - seven rows, one room. Still skip all. 'PASSE GERAL' rows are season passes. 'Orquestra Filarmonia das Beiras' prints as a venue but is an orchestra. Feira das Colheitas de Arouca prints at 01:00 (placeholder time) on one row and with the 'Arouca Geopark' banner as venue on the other - skipped both; it is a real annual fair that needs a venue from elsewhere."
montijo,Montijo,109,17,2026-10-02,"2 Oct: added I Festival de Ilustração e BD (3-4 Oct) via search from mun-montijo.pt news. || 27 Sep: peninsula rotation slot (stalest viable council at 22 Sep). viralagenda.com/pt/setubal/montijo re-swept - reaches 17 Oct, real venues, still NO descriptions on any row. Only 4 of ~21 rows were new (Melomania #28 9 Oct at Ateneu Popular do Montijo; Maos a Obra Som a Vista, Os Lendarios and Rita Onofre all 17 Oct at Cinema Teatro Joaquim d'Almeida) - the 22 Sep sweep had already taken the rest, so this page is now near-exhausted to mid-Oct; leave it until late Oct. TOWN-AS-VENUE TRAP CONFIRMED HERE: 'Montijo (cidade)' is printed as the venue on the undated/ongoing items (Comemoracoes do Dia Mundial do Coracao, Mes Senior - Outubro, I Festival de Ilustracao e BD do Montijo) - all skipped. The BD festival is a real event worth chasing to a real venue from the council site. || 22 Sep: swept via viralagenda.com/pt/setubal/montijo (the CONCELHO page, not the district page) - works well, reaches to 1 Nov with real venues on every row (Cinema Teatro Joaquim d'Almeida, Casa da Musica Jorge Peixinho, Museu Municipal, Biblioteca Municipal, Galeria Municipal, Parque de Exposicoes). NO descriptions on any row, so blurbs had to be written from knowledge of the films/artists. 17 rows added including the XXVII Feira Nacional do Porco (1-3 Oct). Use this page, not the nocartaz one."
guimaraes,Guimarães,90,22,2026-09-27,"27 Sep: reached via nocartaz distrito/braga/. Only 3 new rows (Barreiras a Participacao Cultural 30 Sep, Diversidade e inclusao 13 Oct, MAFALDA 24 Oct - all Espaco Oficina / Teatro Oficina) because the Espaco Oficina season and the Multiusos rows were already harvested. THE PAGE IS DOMINATED BY TWO BANNERS: 'Mucho Flow' on ~30 rows (30 Oct - 2 Nov festival) and 'GUIdance - Danca Contemporanea' on ~12 (5-14 Nov) - neither is a room, so almost none of the district page's Guimaraes volume is writable. GUIdance already sits on site correctly at Centro Cultural Vila Flor. To harvest Mucho Flow properly, find its per-stage venues from the festival's own site first. || 26 Sep: nocartaz.pt/concelhos/guimaraes/ re-swept 3 days after the 23 Sep pass - MOSTLY ALREADY HARVESTED (most candidate rows already on site). 3 new rows added (Sophia Chablau + Rafael Ferreira DJ Set at CAAA 26 Sep; KITADA at Espaço Oficina 2 Oct; Weaving the Green residency exhibition at Contextile 10 Oct). CONFIRMED UNUSABLE, SKIPPED AGAIN: the whole Mucho Flow festival block (~35 acts, 30 Oct-2 Nov) and the whole GUIdance contemporary dance festival block (~25 items, Nov) both print the FESTIVAL NAME as the venue column, not a real room - both are very likely held at Centro Cultural Vila Flor (CCVF) but this is unconfirmed; worth one fetch on ccvf.pt or the festivals' own sites to unlock ~60 rows if a future run has spare budget. || 23 Sep: nocartaz concelhos/guimaraes/ re-swept and it is RICH - reaches to May 2027 with a description on most rows. 9 new rows taken (Valter Lobo, NENA, Guimaraes Jazz opening, Lex Korten Quintet, Toninho Horta, Os Quatro e Meia, free Curtir Ciencia workshops, Barbara Tinoco Apr 2027, Badoxa May 2027). BANNER-AS-VENUE on this page, all confirmed this run: 'Mucho Flow' (~25 rows, the whole festival line-up), 'GUIdance - Danca Contemporanea' (~20 rows), 'Contextile - Bienal de Arte Textil Contemporanea', 'Festas Nicolinas', and - worst - 'Procissao do Senhor dos Passos' and 'Insigne e Real Colegiada de Nossa Senhora da Oliveira (Se Guimaraes)' stamped on two MEIA MARATONA CIDADE BERCO rows that are actually press releases about race entries. Real venues on this page: Espaco Oficina / Teatro Oficina, Multiusos de Guimaraes, Centro Cultural Vila Flor (CCVF), CAAA, Centro Ciencia Viva (Curtir Ciencia). La Distance is printed twice, once at CCVF and once at Espaco Oficina - site keeps the Espaco Oficina row. Skipped for having no description and no reliable identification: KITADA (2 Oct), MAFALDA (24 Oct), belinda rose @ CAAA (27 Nov), Carolina Ceia (19 Dec). || 17 Sep: council em.guimaraes.pt/agenda tried as a new source - only 7 current rows (mostly Multiusos bookings already on site), mixed with 2024-2026 archive; not worth a fetch. Use nocartaz concelhos/guimaraes/ instead."
povoa-de-varzim,Póvoa de Varzim,88,6,2026-09-25,"25 Sep TWO SOURCES TESTED. DEAD, NEVER FETCH AGAIN: www.cm-pvarzim.pt/agenda/ is refused outright - ROBOTS_DISALLOWED (robots.txt fetch timed out at the target). The whole cm-pvarzim.pt domain is therefore unreachable to a fetch, so the Cine-Teatro Garrett programme subpage is unreachable too - do not spend a fetch on any cm-pvarzim.pt path. KEEP, USE THIS INSTEAD: www.viralagenda.com/pt/porto/povoa-de-varzim (the CONCELHO page) works and prints a REAL VENUE on every row - Cine-Teatro Garrett, Casino da Povoa, Povoa Arena, Fortaleza Nossa Senhora da Conceicao, Biblioteca Municipal Rocha Peixoto, Fundacao Dr. Luis Rainha, Cafe Concerto Esplanada do Carvalhido. 13 rows added, taking the concelho from 3 to 16. NO descriptions on any row. NOTE: roughly a quarter of the page is 'Acao de Sensibilizacao Povoa de Varzim Energy Hub' sessions held at companies and parish halls (Horpozim, Centro Ocupacional da Lapa, Junta de Freguesia de Rates) - real but not public events; skip them. The Cine-Teatro Garrett is running a Spanish-language film cycle (Non Pasaran, Escupir al Cielo, La Fortuna de Estos Tiempos, Odisseia, Persepolis) - those rows are Cinema, not stage shows. || Reached 22 Sep via nocartaz distrito/porto/ after the note to try viralagenda porto. The district page works where the concelho page was stale: real venues (Cine-Teatro Garrett, Varazim Teatro - Espaco D'Mente, Casino da Povoa, Biblioteca Municipal Rocha Peixoto) on the rows that matter. BUT roughly half the Povoa rows on it carry 'Agenda Cultural Povoa de Varzim' or 'Festas de S. Pedro' in the venue column and are council press releases, not events. The E-Aqui-in-Ocio theatre festival (17th edition, from 23 Sep) is real but every row of it is banner-venued - it needs a venue from the council before it can be added."
vila-nova-de-gaia,Vila Nova de Gaia,99,22,2026-09-27,"27 Sep NEW SOURCE TESTED, VERDICT MARGINAL, NOT WORTH A REPEAT SOON: gaiacultura.pt/pt/agenda-cultural/ (the untried lead from the 17 Sep note) loads and does carry real rooms and a real description, but it returned only FOUR items in total and one of them is dated 17 fev 2025 - ARCHIVE CONTENT sitting at the top of a live agenda. The other three are placeholder/multi-date rows: BiblioLED (24 Mai - 04 Out, a digital library SERVICE, not an event), 'Coleccao Marciano Azuaga' listed against ten separate Sundays, and 'World Rock Bebe - Rock Me Baby' at the Auditorio Municipal de Gaia on 03+05+17+18 Out. That last one CONFIRMS THE 17 SEP SUSPICION about World Rock Bebe as a repeating placeholder-style listing - still skipped. Nothing added. The nocartaz concelho page remains the better Gaia source; the real rooms to trust are unchanged (Auditorio Municipal de Vila Nova de Gaia, Espaco Corpus Christi, Armazem 22, Casa Barbot, Solar Condes de Resende, WOW). || Swept 17 Sep: page lists 99, reaching into December, with a description on nearly every row. BUT about half the rows print venue 'Vila Nova de Gaia' - these are a long talk/course series (probably Ambito Cultural) and FNAC GaiaShopping in-store events; take FNAC ones only when the title names FNAC. Reliable rooms: Auditorio Municipal de Vila Nova de Gaia, Espaco Corpus Christi, Armazem 22, Casa Barbot, Solar Condes de Resende, WOW. SUSPICIOUS: 'World Rock Bebe - Rock Me Baby' at Solar Condes de Resende repeats at 21:00 on many Sundays (a babies' concert at 21:00) alongside a 12:30 FNAC version - skipped both. 25 rows added. gaiacultura.pt/pt/agenda-cultural/ surfaced in search - untried."
faro,Faro,68,15,2026-09-25,"25 Sep RE-VERIFICATION: teatrodasfiguras.pt/agenda re-fetched. Our 26 Sep row (Aeffective Choreography) CONFIRMED on date. The page reaches 10 Apr 2027 and carries a short credit line ('de Olga Roriz', 'Orquestra Sinfonica Portuguesa') on most rows that works as a description. TRAP TO RECORD: the agenda prints the FESTIVAL NAME where the venue should go on festival rows - Aeffective Choreography shows 'Festival Dance Dance Dance 26' as its venue, and most other rows print no venue at all. The real room is always Teatro das Figuras; stamp it rather than trusting the column. || 24 Sep: swept via nocartaz distrito/faro/ - by far the biggest single page seen anywhere (~170 rows reaching to Dec), but also the MOST CONTAMINATED. Roughly half the rows print NO VENUE AT ALL. AGGREGATOR/BANNER STRINGS IN THE VENUE COLUMN, confirmed: 'Orquestra de Jazz do Algarve, Faro' and 'ACTA - A Companhia de Teatro do Algarve, Faro' (companies, not rooms - they are stamped on events in Silves, Lagos, Lagoa and Pechao), 'Visitar Tavira - Eventos', 'Associacao de Fado do Algarve (Tudo Isto e Fado)', 'Festival de Observacao de Aves ... de Sagres', 'POLVA - Festival do Folar de Polvo da Fuzeta', 'MOCHILA - Festival Internacional de Teatro', 'Academia Faro', and bare town names (Castro Marim, Loule, Silves, Albufeira, Alcoutim, Vila do Bispo). WORST OFFENDER: 'Festa da Mae Soberana (N.S. Piedade), Loule' is stamped on a REUNIAO DE CAMARA and on PARK(ING) DAY. 'FATACIL (Lagoa)' is stamped on chess classes, a literacy month, a congress and an astronomy night - treat FATACIL as a banner, not a room. Also: the same act repeats 2-3 times (Polly Gibbons appears 9 times, Tiago Bettencourt x2, Pedro Abrunhosa x2, Ricardo Ribeiro x2, Plasticine x2) and one description is simply wrong - the Emil Viklicky/Leon Baldesberger blurbs say 'no Porto' and 'em Silves' for Lisbon and Silves rows respectively. TRUSTWORTHY ROOMS: Teatro das Figuras (Faro), Auditorio Municipal de Olhao, Cineteatro Louletano, Centro Cultural de Lagos, Republica 14 (Olhao), Galeria Municipal do Arco/ArQuente (Faro), Teatro Mascarenhas Gregorio (Silves), Cine-Teatro Jaime Pinto (Sao Bras), Auditorio Municipal de Albufeira, Palimpsestu Art Bar (Faro), Centro Cultural Antonio Aleixo (VRSA), Biblioteca Municipal Alvaro de Campos (Tavira). CAUTION: Teatro Municipal de Faro is stamped on yoga sessions, health talks and board-game afternoons - trust it for stage shows only, same pattern as Entroncamento. Teatro Municipal Antonio Pinheiro (Tavira) likewise carries a 23:00 DJ set. || viralagenda.com/pt/faro re-swept 21 Sep, still working and covers the whole Algarve district (Faro, Loule, Lagos, Tavira, Silves, Sao Bras de Alportel, Vila Real de Santo Antonio) in one page as before. This pass returned only near-term (21-25 Sep) library talks, workshops and community items with no price and no description shown for any row - none met the quality bar to add. Depth is there (the page goes further than what was fetched) but a description-focused second pass or a per-event page would be needed to make these worth adding."
matosinhos,Matosinhos,67,7,2026-09-27,"27 Sep NEW SOURCE TESTED, VERDICT MARGINAL BUT USABLE: www.teatromunicipaldematosinhos.pt (site root) returns only FOUR dated rows and prints NO venue and NO description on any of them - BUT because it is the theatre's own site the venue is implied, so rows can be written against Teatro Municipal de Matosinhos Constantino Nery. 3 of the 4 were new (Entroncamento film 29 Sep; Nos Sozinhas 9-10 Oct; Caminho do Burro FIMP'26 15 Oct); Fantasie Minor 2 Oct was already on site from the 26 Sep Porto district sweep. Verdict: worth one fetch a month, not weekly - four rows is its ceiling. The nocartaz Matosinhos page remains partly stale (opens on 30 August) with banner venues; blurbs must be written from knowledge either way. || Partly stale - opens on 30 August. Venue column is mostly the 'Festa da Senhora da Hora' banner or 'Agenda Cultural'. Usable venues: Casa da Arquitectura, ESAD, Museu Quinta de Santiago. 67 listed but only ~5 are real dated future events."
mafra,Mafra,63,2,2026-09-13,"Every item is printed twice - once at 23:00 with venue 'Mafra', once the next day at 21:00 with venue 'Festa de Nossa Senhora da Encarnacao - Mafra'. Both are artifacts. Take only rows with a real venue: Museu Nacional da Musica, Auditorio Municipal Beatriz Costa, Complexo Cultural Quinta da Raposa. Museum rows carry real prices."
santa-maria-da-feira,Santa Maria da Feira,56,22,2026-09-22,VENUE TRAP: every show appears twice - once at 21:30 under Cineteatro Antonio Lamoso (correct) and once at 21:00 under 'Castelo de Santa Maria da Feira' on a LATER date (wrong on both counts). Take the Cineteatro rows and Europarque - Centro de Congressos; discard every castle row.
santarem,Santarém,56,8,2026-09-23,"23 Sep: re-swept, ZERO new rows - the nocartaz Santarem page is now fully harvested and its remaining ~48-row gap is ENTIRELY unusable labels. 'Santarem Cultura' (~8 rows) and 'Feira Nacional de Agricultura' (~12 rows) are aggregator strings, and the Feira rows are cross-listed duplicates of CNEMA shows that are already on site (Namaste, Zambujo, Abrunhosa each appear twice, once per label). The 44.o Festival Nacional de Gastronomia (16 Oct) archive row is STILL on the page beside the live 45.o - confirmed again, keep skipping it. Do not spend another fetch here until the gap number moves for a different reason. || 'Santarem Cultura' and 'Feira Nacional de Agricultura' are aggregator labels, not venues - about 25 rows unusable. CNEMA rows are good. ARCHIVE TRAP: the 44th Festival Nacional de Gastronomia (16 out) is the 2025 edition; the live one is the 45th, 22 Oct-1 Nov 2026 at Casa do Campino. Concurso Ovo D'Ouro is listed twice, once under Jan 2027. 21 Sep: distrito/santarem/ page swept for the surrounding concelhos (Ourem, Entroncamento, Sardoal, Golega, Cartaxo, Alcanena, Chamusca, Constancia, Ferreira do Zezere) - see their own rows."
viseu,Viseu,56,23,2026-09-23,"23 Sep: nocartaz concelhos/viseu/ re-swept - Teatro Viriato season is now almost fully harvested (5 new rows: vistacurta 14 Oct, Tarta Relena 24 Oct, Tatabitato 8 Nov and 6 Dec split out of the old combined row, Camane 12 Dec). TWO AGGREGATOR LABELS TO SKIP: 'Viseu Agenda - Portal Cultural' and 'Rede 5 Sentidos - Programacao em Rede de Artes Performativas' are not venues. NEW TRAP FOUND: 'Se Catedral de Viseu' is stamped on DIOCESAN NEWS items, not services or concerts - 'Bispo participa no Congresso de Santa Beatriz', 'Nuncio Apostolico encontra-se com os sacerdotes', 'Workshops sobre boas praticas no apoio a pessoa idosa'. Trust Se Catedral only for something that is plainly a public service or concert. 'Programacao Camara Municipal de Viseu' appears as a TITLE on several Teatro Viriato rows - it is a placeholder, not an event. The 20-23 Oct block (Desejo/Desenho, Caderno Criar Coragem, Arte Pedras Liberdade, Ciclo Libertem as Criancas, Brincar e um assunto serio, Escola dos Sonhos, E Bom Mandar?) looks like one education conference at odd hours - left off pending a source that says what it is. || PLACEHOLDER-DATE TRAP: 35 consecutive rows print 'Feira de Sao Mateus' once per day from 27 Jul to 6 Sep - the fair is over and those are not separate events. Everything usable is Teatro Viriato, whose season runs to Dec and is clean."
ovar,Ovar,55,20,2026-09-22,"PLACEHOLDER-DATE TRAP: 'Festas do Mar do Furadouro' is stamped on rolling undated items, all dated to the 1st of a month at 21:00, running out to June 2027 - skip them all. The real venues are excellent and plentiful: Centro de Arte de Ovar (CAO), Escola de Artes e Oficios de Ovar, Museu Julio Dinis, Biblioteca Municipal de Ovar."
funchal,Funchal,96,18,2026-09-26,"26 Sep NEW SOURCE TRIED, NOT WORTH KEEPING: cultura.funchal.pt (the council's own cultural site, found via search) is a static landing page listing only festival NAMES (Feira do Livro, Enseada, Fado Funchal, Funchal Jazz) as nav links - no dates, venues or descriptions render to a fetch. If pursued again, target a specific /events/ or /agenda/ subpath rather than the root. Funchal's 76-event gap versus NoCartaz remains unaddressed this run. || 96 listed but heavily padded: ~35 rows are the Conservatorio - Escola das Artes da Madeira ACADEMIC CALENDAR (term start, exam windows, enrolment deadlines), all stamped 02:00 and running to Jul 2027 - not events, same pattern as Lisboa's CCB school-service rows. Strip anything at 02:00. Teatro Municipal Baltazar Dias carries the real season and prints correctly, plus Centro de Congressos da Madeira, Barreirinha Bar Cafe and CCIF. Island - km column uses 'Island'."
alijo,Alijó,48,0,2026-09-15,"Reached via nocartaz distrito/vila-real/. BANNER-VENUE TRAP: 'Feira dos Vinhos e Sabores dos Altos' is stamped as the venue on every row, but the events themselves are in Alenquer, Bairrada and the Algarve - cross-listed from elsewhere, none actually in Alijo. Nothing usable this run."
evora,Évora,47,5,2026-09-24,"24 Sep: swept via nocartaz distrito/evora/ - the district page works and covers Evora, Montemor-o-Novo, Estremoz, Redondo and Viana do Alentejo in one fetch, with a one-line description on most rows. 6 new rows. BANNER-AS-VENUE on this page: 'Feira D'Aires' (Viana do Alentejo), 'Feira do Espirito Santo - Montoito' (Redondo) and 'Multiple venues' (HERITAGE FESTIVAL, FIDANC) are all printed in the venue column - not rooms. ALSO: 'Semana Europeia da Mobilidade' is stamped with the Salao Central Eborense as its venue at 07:30, which is a bike ride, not a concert-hall event - the Salao Central Eborense is otherwise reliable. Real rooms confirmed: Salao Central Eborense, Teatro Garcia de Resende, O Espaco do Tempo (Montemor-o-Novo), Cineteatro Bernardim Ribeiro (Estremoz). || TRAP CONFIRMED: 'FIOE - Festival Internacional de Órgão de Évora' is stamped as venue on ~20 rows whose descriptions actually place them in different churches and even different islands - skipped all of them except one, too ambiguous to resolve per-row. 'Companhia de Dança Contemporânea de Évora (FIDANC)' is also a company name used as venue - resolved via description to Teatro Garcia de Resende where possible. 'Salão Central Eborense' looks like a real community venue but is also stamped on itinerant bike-ride listings (BikÉvora) - skipped those, kept indoor talks/concerts. Real venues confirmed: Teatro Garcia de Resende, Salão Central Eborense, CENDREV, Arena d'Évora."
braganca,Bragança,46,26,2026-09-13,"Cleanest page swept so far - Teatro Municipal de Braganca is printed correctly on almost every row, plus JP Rock Cafe. Only catch: ClassicFest and Bo Jazz Fest items are each listed two or three ways (bare title, festival-prefixed title, and '@ venue'), so dedupe on a normalised title or you get triples."
vila-franca-de-xira,Vila Franca de Xira,42,32,2026-09-27,"27 Sep NEW SOURCE, STRONG KEEP - BEST FIND OF THIS RUN: agenda.cm-vfxira.pt/calendario (the council's dedicated agenda subdomain, NOT cm-vfxira.pt itself) returns the WHOLE municipal calendar in one fetch, ~110 rows reaching 19 Dec 2026, and it prints a REAL ROOM on almost every row. 32 rows added, taking VFX from 1-2 live rows to ~30. This retires the previous verdict on this concelho: the nocartaz distrito/lisboa page was the problem, not the concelho. IMPORTANT CORRECTION TO AN EARLIER NOTE: 'Celeiro da Patriarcal' IS A REAL MUNICIPAL EXHIBITION SPACE in Vila Franca de Xira - the council's own site uses it specifically for the 'Proteger a Memoria' exhibition and its guided visits. It is nocartaz that stamps it on ~35 unrelated rows as a banner; do not treat it as a banner when it comes from the council page. Reliable rooms on this source: Centro Cultural do Bom Sucesso (Alverca), Fabrica das Palavras (Biblioteca Municipal), Biblioteca Municipal da Povoa de Santa Iria, Biblioteca Municipal de Alverca, Auditorio do Museu do Neo-Realismo, Museu do Neo-Realismo, Museu Municipal, Salao Nobre do Palacio Quinta da Piedade, Quinta Municipal de Subserra, Mercado Municipal, Parque Urbano e Pavilhao Multiusos, Theatro/Ateneu Artistico Vilafranquense, Sociedade Filarmonica Recreio Alverquense, Galeria Municipal Jovem, Casa da Juventude de Alverca, Museu de Olaria. WHAT TO SKIP ON IT: it mixes council PRESS RELEASES into the calendar ('Municipio atribui bolsas de estudo', 'Camara Municipal associa-se a...', 'Inscricoes abertas para...', 'Universidade Senior desafia...') and webinars with venue 'Online' - roughly a quarter of rows; also locality-only venues (Vialonga, Alhandra, 'Nos restaurantes aderentes do Concelho'). NO DESCRIPTIONS on any row, so every blurb had to be written from the title. Recurring series worth knowing: 'Jam as Sextas' every few Fridays at the Fabrica das Palavras (tribute nights), 'InMusic na Quinta' Sundays at the Quinta da Piedade, 'Smoke and Drums' Wednesdays at the Museu do Neo-Realismo, 'Encostas de Xira - Winter Season' Saturdays at Subserra. || Almost unusable: 'Celeiro da Patriarcal' is stamped as the venue on ~35 of 40 rows regardless of what or where the event is, and many rows are council press releases ('Camara Municipal associa-se a...'). Only Centro Cultural do Bom Sucesso (Alverca) came through clean. Try the CM Vila Franca de Xira agenda directly next time."
angra-do-heroismo,Angra do Heroísmo,41,5,2026-09-19,"FIRST SWEEP. CONFIRMED SAME-VENUE-FOR-EVERYTHING TRAP: 'Teatro Angrense' is stamped even on a tennis-court plaque unveiling and staff training sessions ('Formação: Liderança de Equipas') - clearly a default/placeholder, not verified per-row. Kept only plausible theatre-hosted items (concerts, cinema cycle, comedy fest) and skipped ceremonies/formations/conferences. 'Angrajazz' confirmed as banner-venue per the standing trap list - skipped all 6 rows. 'Festival Internacional dos Açores (FIA)' is also a banner-venue spanning multiple islands - skipped all except one row whose description named a real in-town venue (Palácio dos Capitães Generais). Two conflicting dates for the same Alcoolémia gig (17 Oct vs 13 Nov) - skipped both rather than guess."
ponta-delgada,Ponta Delgada,65,12,2026-09-20,"FIRST SWEEP 20 Sep. Page is ~65 rows but MORE THAN HALF ARE NOS CINEMAS PARQUE ATLANTICO MULTIPLEX SHOWTIMES - the same four or five commercial films repeated every day at 13:10/13:20/13:30/13:40. Do not harvest these; they are routine cinema listings, not events, and they would flood the site with island rows. CROSS-ISLAND CONTAMINATION: rows venued 'Corvo Ponta Delgada', 'Graciosa Ponta Delgada' and 'Faial Ponta Delgada' are events on OTHER Azorean islands filed under Ponta Delgada with no real venue - skip. 'Tremor Festival' as venue is a banner. Usable: Coliseu Micaelense carries the whole real programme through to March 2027 and prints correctly; Raiz Bar and Biblioteca Publica e Arquivo Regional (BPARPD) also real. 12 rows taken, all Coliseu/Raiz/BPARPD. Duplication: Coliseu rows are printed twice under slightly different titles (CAROLINA DESLANDES / Carolina Deslandes @ Coliseu Micaelense; OS QUATRO E MEIA / Os Quatro E Meia @ Coliseu Micaelense; BAIAO D'OXIGENIO / BAIAO D'OXIGENIO - 25/09) - dedupe before writing."
almada,Almada,37,40,2026-09-26,"26 Sep RE-VERIFICATION: ctalmada.pt re-fetched, all 7 CTA rows (O Livro Encenado, Teresa Macedo Ferreira, O Duelo e Outras Histórias, Drama É Comigo!, O Lugar Onde o Céu Nasceu, Medida por Medida, Uma Nova Volta ao Mundo) CONFIRMED unchanged on date and room; 0 wrong. ONE NEW ROW found and added: O Cavaleiro da Triste Figura (17-18 Oct, Sala Experimental). || 25 Sep: Black Cat Cinema page re-checked as a standing source - the Caparica screening (Cinema Paradiso, 2 Oct, Quinta Mira Rio) is still listed and unchanged, and it remains the only non-Lisbon date in the whole season. All 19 Black Cat screenings on the page matched rows already on the site; 0 new, 0 wrong. || 23 Sep: NEW HOME-REGION ROW FROM AN UNEXPECTED SOURCE - the Black Cat Cinema ticket page carries a Caparica date (Cinema Paradiso, 2 Oct, Quinta Mira Rio, R. do Joinal, Caparica, 18:00) that no Almada source lists. Black Cat is not a Lisbon-only season; check its page for non-Lisbon venues every run. || BEST HOME-REGION SOURCE FOUND SO FAR: the council homepage www.cm-almada.pt (root, not a subpage) lists ~60 dated events to end of Oct with REAL venues, a free/price note on most rows, and a single-event URL per row (cm-almada.pt/<slug>). 38 rows added 17 Sep from one fetch. Descriptions are thin one-liners - write your own from the title. Council labels the dance festival '33a Quinzena' but the festival's own site says 34a edition 25 Sep-11 Oct 2026 - dates agree, trust the festival site for the number. Viralagenda also prints Cine Incrivel, Auditorio Fernando Lopes Graca and Museu de Almada correctly. Skip rows with venue 'Diversos'/'Varios'/'Praia do Concelho'. THEATRE 22 Sep: ctalmada.pt (Companhia de Teatro de Almada / Teatro Municipal Joaquim Benite) lists the season with the real room on each row (Sala Principal, Sala Experimental, Sala de Ensaios) but NO descriptions, no prices, and it prints the two big runs WITHOUT TITLES. The nocartaz distrito/setubal/teatro/ slice supplied both missing titles: the 30 Oct-29 Nov Sala Principal run is MEDIDA POR MEDIDA (Shakespeare) and the 28 Nov-20 Dec Sala de Ensaios run is UMA NOVA VOLTA AO MUNDO. Fetch the two together - each fixes the other's gap. cm-almada.pt/teatro-municipal-joaquim-benite carries no listings at all, only opening hours; do not spend a fetch on it."
cascais,Cascais,37,3,2026-09-13,"27 Sep VENUE-RULE CLEANUP: a live row here was carrying an EMPTY venue column and was deleted this run (it rendered as a broken card). The event is real and worth re-adding once a room or a named start point is found: 'IRONMAN Cascais' (17 Oct, from visitcascais.com/en/events - needs the start/finish location). || Opens on 25 August, so the top third is past. 'Cascais 360 - Agenda Cultural' and 'CM Cascais - Agenda Municipal' are aggregator labels, not venues, and the same event is often listed twice - once in English under a museum, once in Portuguese under the aggregator. Real venues: Casino Estoril - Salao Preto e Prata, Museu Condes de Castro Guimaraes, Museu do Mar Rei D. Carlos."
gondomar,Gondomar,30,7,2026-09-22,"Clean venues - Auditorio Municipal de Gondomar and Pavilhao Multiusos de Gondomar. Two traps: (1) every headline act prints 2-3 times, once with a postal address ('Av. 25 de Abril 103') instead of a venue and once as a news headline with no venue; (2) nine rows titled '...2026' (Festival da Juventude, Noite Branca, Glow Party, Open House, Dia dos Avos, XXVIII Festival de Musica Moderna, ConVimus, Temporada OPGB, Festa Final de Ano) are dated Jun-Sep 2027 - archive items with rolled dates, all skipped."
oeiras,Oeiras,33,3,2026-09-24,"24 Sep: TWO ROWS CROSS-LISTED FROM THE LISBOA CONCERTOS SLICE - the Auditorio Municipal Ruy de Carvalho (Carnaxide) is filed under Lisboa on nocartaz. Trust the venue, not the page. Worth checking the Lisboa slices for Ruy de Carvalho rows every run. || MAJOR TRAP: ~25 rows print 'Festival Iminente' as the venue and date it 12-13 Oct in Oeiras - the organiser (festivaliminente.com) puts Iminente 2026 on 17-20 Sep at Escola Industrial Afonso Domingues, Marvila, LISBOA. Wrong month and wrong city; all dropped. Three more Iminente rows are stamped 'sex 01 jan 21:00' = undated. Usable venues: Auditorio Municipal Ruy de Carvalho, Cinemas NOS Oeiras Parque. NOS Alive rows are real (Passeio Maritimo de Alges) but dated to Jul 2027."
cantanhede,Cantanhede,26,0,2026-09-20,"KNOWN-BAD, DO NOT SPEND ANOTHER FETCH. Swept 20 Sep: all 26 rows carry an aggregator label in the venue column - 'CM Cantanhede - Agenda & Eventos' on ~22 of them, plus 'Municipio de Cantanhede - Eventos' and 'Cantanhede Convida - CM Cantanhede'. Not one real room on the page. The page is also ~60% a single recurring council programme ('Tardes Comunitarias', a weekly Wednesday 14:30 seniors series running to December) which is low-value even if a venue were printed. Zero rows were usable. If Cantanhede is ever worth another try it needs the council's own site, not nocartaz."
setubal,Setúbal,31,36,2026-10-02,"2 Oct: viralagenda.com/pt/setubal day-of only again (3rd run). forumluisatodi.pt gives dates+rooms; added Cinema Português cycle + FilmFest launch. noticias.mun-setubal.pt root had only 2 dated items (non-cultural). || 1 Oct: added Rampa da Arrábida (3-4 Oct) and Galeria Municipal do 11 exhibition; newinsetubal.nit.pt surfaced via search - good for festival names/context. || 27 Sep: viralagenda.com/pt/setubal returned ~20 rows AGAIN ALL SAME-DAY (26 Sep) - this is now the SECOND consecutive run where the district page served only day-of events. TREAT THE DISTRICT PAGE AS DAY-OF ONLY: it is still the only way to reach Seixal/Barreiro/Grandola venues, but expect ~1 forward-dated row per fetch, so do not budget it as a depth source. forumluisatodi.pt re-fetched: all 7 rows (Schonbrunn 26 Sep, Ocean's Eleven 28 Sep, Dia Mundial da Musica 1 Oct, Arte de Yasmina Reza 3 Oct, Miguel Nicolau 4 Oct, A Bela e o Monstro 9 Oct, Os Emigrantes 15 Oct) CONFIRMED unchanged, 0 wrong, 0 new. noticias.mun-setubal.pt root gave one forward item (Trajes de trabalho exhibition at Casa da Baia, 'from 27 Sep' with NO END DATE printed - NOT ADDED, an exhibition run needs an end date and guessing one is worse than omitting the row; check for the end date next run). RE-VERIFICATION CATCH: casadacultura-setubal.pt/programacao/ re-fetched and it caught a WRONG VENUE live on the site - '1, 2, 3... Fantasia' (27 Sep) was filed at 'Casa da Cultura' but the page puts it in Sala Jose Afonso; fixed. It also exposed TWO DUPLICATE PAIRS both created by harvesting the same page twice under English and Portuguese titles (Volta ao Mundo/Around the World 18 Oct; Sim Maestro!/Yes Maestro! 15 Nov) - merged to one row each, keeping the Portuguese title per the title rule. LESSON: when re-harvesting a page already swept, diff on VENUE+DATE, not on title. 2 new rows from it (Quebra-Nozes 13 Dec, Cancoes para um fim 19 Dec). The page still carries NO descriptions and NO prices on any row. || 26 Sep: viralagenda.com/pt/setubal re-swept - returned ~20 rows but ALL were same-day (26 Sep) events with no descriptions and several banner/locality venues (Sarilhos Pequenos, Azeitão, Avenida Marginal da Moita) - none added, day-of events with no forward value by the time this publishes. forumluisatodi.pt re-fetched: 6/6 near-term rows (Schönbrunn Palace Orchestra 26 Sep, Ocean's Eleven 28 Sep, Dia Mundial da Música 1 Oct, Arte de Yasmina Reza 3 Oct, Os Emigrantes 15-18 Oct, Maria do Mar 24 Oct) all CONFIRMED unchanged, 0 wrong. mun-setubal.pt/guia-de-eventos/ tried per last run's own suggestion - DEAD, DO NOT FETCH AGAIN: it is only a PDF-archive index page (monthly guide covers as thumbnails, no dated events render in the HTML). Setúbal town itself still has no working council listings page. || 25 Sep RE-VERIFICATION PASS: casadacultura-setubal.pt/programacao/ re-fetched - all 7 near-term Casa da Cultura rows (Postcards 25 Sep, Motian & More 26 Sep, 1-2-3 Fantasia 27 Sep, La Haine 2 Oct, Tracy Vandal & John Mercy 3 Oct, Filo Machado 5 Oct, Grant Lee Phillips 9 Oct) CONFIRMED unchanged on date and room; 0 wrong. The page now also reaches 28 Nov and yielded 10 NEW rows (Conversas em torno de Luiz Pacheco 1 Oct, Sophie Hutchings/Surma 17 Oct, Volta ao Mundo 18 Oct, Daniela Galhoz 30 Oct, Bernardo Tinoco 31 Oct, Albert Camus film 6 Nov, Anton Ripatti 7 Nov, Sim Maestro! 15 Nov, The Pages 21 Nov, The Diga Diga Doos 28 Nov). It prints NO descriptions and NO prices on any row - blurbs must be written. forumluisatodi.pt re-fetched: all 6 rows it lists (26 Sep, 28 Sep, 1 Oct, 3 Oct, 9 Oct, 15 Oct) match the site exactly; 0 wrong. It returned only 6 rows this run (it reached late Oct on 24 Sep), so the page may be paginating - our 4 Oct Miguel Nicolau and 11 Oct O Rouxinol rows were NOT on it but were left in place rather than deleted on a single absent fetch. DEAD FOR EVENTS, DO NOT FETCH AGAIN THIS SEASON: noticias.mun-setubal.pt SITE ROOT - the fix recorded earlier (use the root, not /atualidade/) no longer helps; the root now returns only council-business items (Reuniao Publica 23 Sep, CIM meeting 23 Sep, Assembleia Municipal 25 Sep), zero cultural events. The guide-de-eventos page at mun-setubal.pt/guia-de-eventos/ is the one to try instead next run. || 24 Sep NEW-SOURCE SWEEP (10 candidates tested). BEST FIND, KEEP AND FETCH EVERY RUN: www.casadacultura-setubal.pt/PROGRAMACAO/ - the ROOT of that site returns titles with no dates and is useless, but the /programacao/ subpage returns 16 dated rows reaching 21 Nov WITH THE REAL ROOM on every one (Sala Jose Afonso, Patio do Dimas, Frente a Casa, Cinema Charlot - Auditorio Municipal). Every Casa da Cultura row previously on the site carried the generic venue 'Casa da Cultura (Culture House)'; 10 were upgraded to the actual room from this page, and it caught a DATE ERROR - Motian & More is Sat 26 Sep, not 27. No prices on any row. DEAD, DO NOT FETCH: www.mun-setubal.pt/agenda/ returns 404 (the council's agenda is not at that path). Forum Municipal Romeu Correia (Almada) publishes its programme ONLY as Issuu documents, same failure as the Moita Forum Cultural - Almada's venue programmes are all Issuu, so stay on the cm-almada.pt root. musicfest.pt has a venue directory with a page per room (Cineteatro Municipal Joao Mota, Sesimbra included) but the venue pages carry NO events - only address and phone; its national /agenda and festival sections are untested and may be worth one fetch. || 24 Sep: home region CONFIRMED SATURATED - the viralagenda district page returned 20 rows and only 2 were genuinely new (Corrida da Bandeja in Seixal, and a Barreiro show). noticias.mun-setubal.pt root re-tested a third time: its ONLY future item was 'Sessao ordinaria da Assembleia Municipal' 25 Sep - a council meeting. THREE RUNS IN A ROW have found nothing site-worthy there; consider dropping it to every third run and spending the fetch on a venue page instead. forumluisatodi.pt not re-fetched (fully harvested to 5 Nov per 23 Sep note). NOTE: viralagenda's district page only serves ~2 days of rows in the HTML now (24-25 Sep plus one stray 9 Oct row) - it is no longer a depth source, only a freshness check. || 23 Sep: viralagenda district page re-swept - home region essentially saturated, only 4 genuinely new rows (all Almada: ACOME open-classes week, Convento dos Capuchos Spanish duo, two Universidade Popular Cultural open classes). CONFIRMED AGAIN: noticias.mun-setubal.pt root is post-event reporting plus council-meeting notices (Reuniao Publica 23 Sep, Assembleia Municipal 25 Sep) - nothing site-worthy; one fetch per run is enough to confirm, do not chase its headlines. forumluisatodi.pt re-fetched and is now FULLY HARVESTED through 5 Nov - every October row already on site; only correction was Os Emigrantes, which the forum prints as 15-18 Oct while the site had it as a single night (End date fixed). Do not re-fetch Luisa Todi until November unless a run has spare budget. || 22 Sep: viralagenda district page re-swept - most Setubal-town rows already on site; new peninsula rows harvested for Seixal/Almada/Sesimbra/Grandola. noticias.mun-setubal.pt ROOT RE-TESTED AND A KEY FINDING: its front page is mostly POST-EVENT REPORTING, not listings - 'Gastronomia sobre rodas' was the Street Food Tour of 18-20 Sep (already over) and 'Embarcacoes insolitas' was the 13th Regata da Baia do Sado on 20 Sep (already over). Both chased and both past. Do NOT spend fetches resolving dates for its undated headlines; they are almost always write-ups of something that already happened. forumluisatodi.pt still fully harvested to 22 Oct, not re-fetched. NEW TECHNIQUE 22 Sep, KEEP: the nocartaz GENRE SLICE works on the home district - www.nocartaz.pt/distrito/setubal/teatro/ returned ~60 theatre rows reaching Feb 2027 across Almada, Sesimbra, Moita, Montijo, Barreiro, Palmela, Alcochete and Setubal, with descriptions on about half. Far better theatre depth than viralagenda. HEAVY CONTAMINATION though: 'Jazz nas Vilas' and 'Romaria de Sant'Iago - Pegoes' and 'Curso Ordens Militares - Palmela' and 'Festival Terras Sem Sombra' all print as venues; 'Cineteatro Municipal Joao Mota' is stamped on Sesimbra rows that are not theatre at all (a charity walk, a boating-safety talk) - trust it only for stage shows; and eleven Montijo rows all share the date 'seg 05 out', a placeholder. Several titles are TRUNCATED with a dangling date ('Vento Forte, pela Companhia de Teatro de Almada, 17 a') - those are unusable as written."
maia,Maia,28,2,,
marinha-grande,Marinha Grande,28,0,,
moita,Moita,29,9,2026-09-29,"29 Sep: cm-moita.pt programa page only links Issuu PDFs (no text). Cinema dates came via search. 24 Sep: the Forum Cultural programme page flagged as 'worth one fetch next time' was tried and is DEAD FOR LISTINGS - cm-moita.pt/viver/informacao-municipal/programa-do-forum-cultural publishes its monthly programme only as embedded Issuu documents, and the most recent one on the page is MARCH 2026. No dates, venues or descriptions in the HTML at all. DO NOT FETCH AGAIN. The Forum Cultural Jose Manuel Figueiredo (Rua Jose Vicente, Baixa da Banheira) is a real room selling through Ticketline - try ticketline.pt for its shows instead. || NEW SOURCE TRIED 23 Sep, VERDICT: NOT WORTH KEEPING. cm-moita.pt/conhecer/agenda-de-eventos does fetch (unlike cm-palmela and cm-barreiro) and returns a real event list reaching to 11 Oct, BUT the listing view prints NO VENUE and NO DESCRIPTION on any row - same failure as cm-seixal.pt root, so nothing on it can be written under the venue rule. It did surface three real strands for another source to resolve: 'Ao Ritmo da Rua' dance project (1 Oct), 27.a Meia Maratona Ribeirinha da Moita + 24.a Mini Caminhada (4 Oct), and Dia Mundial da Musica - Homenagem a Carlos Chiemba (11 Oct). The Forum Cultural Jose Manuel Figueiredo has its own programme page at cm-moita.pt/viver/informacao-municipal/programa-do-forum-cultural - untried, worth one fetch next time. || Banner-as-venue: 'Feira Medieval de Alhos Vedros' is stamped on ~8 rows that are council NEWS ARTICLES, not events (bus timetables, where to park, a beach clean-up). Forum Cultural Jose Manuel Figueiredo carries the real programme and prints correctly - 9 rows taken. Note the news rows say Festas da Moita 2026 ran 11-20 Sep, so the 'sex 25 set' Festas row is wrong and was skipped."
palmela,Palmela,28,4,2026-09-22,"NEW SOURCE TRIED 22 Sep, VERDICT: NOT WORTH KEEPING. cm-palmela.pt/viver/noticias/2026 - the council's NEWS page, tried as an alternative to their known-bad script-loaded agenda - is script-loaded in exactly the same way and returns only the nav menu and year links, no article text. Both cm-palmela.pt agenda AND news are now confirmed dead to a page fetch. Feira Medieval 25-27 Sep 2026 already on site from the council's static festival page."
santiago-do-cacem,Santiago do Cacém,28,0,2026-09-15,"First usable row found, via nocartaz's distrito/setubal/ page rather than the concelho page or viralagenda (viralagenda's Santiago do Cacem page is already flagged known-bad, returns only June/July rows): 'Brisas' concert at Auditorio Municipal de Alvalade, 18 Sep, marking 25 years of the C'extas de Cultura series. Worth trying the district page again for more Alvalade rows next time."
lajes-do-pico,Lajes do Pico,27,0,,
calheta,Calheta,26,0,,
valenca,Valença,26,1,2026-09-23,"23 Sep: FIRST ROWS EVER for this concelho, harvested from viralagenda.com/pt/viana-do-castelo. See the viana-do-castelo row for the source verdict. || "
beja,Beja,23,4,2026-09-13,"Two real venues (Casa da Cultura de Beja, Pax Julia - Teatro Municipal de Beja). The other 20 rows are sub-events of the Festival Internacional de Banda Desenhada de Beja with the festival name as the venue and garbled times (guided visits at 23:30); consolidated into one 12-14 Dec festival row at the Bedeteca. Day labels are off by one ('Abertura das Exposicoes (Sabado)' is dated Sunday) - re-check the run when the programme is published."
figueira-da-foz,Figueira da Foz,23,5,2026-09-13,"BEST PRICE SOURCE OF THIS RUN - the page actually prints 'desde 21EUR', 'desde 8EUR', 'desde 15EUR', 'desde 5EUR', 'desde 20EUR' and 'Livre'. Casino Figueira prints correctly. 'Figueira da Foz - Portal de Eventos' and 'CM Figueira da Foz - Agenda' are aggregator labels - those rows are the CAE (Centro de Artes e Espetaculos) programme; cae.pt/agenda 404s, find the current CAE URL next run. Two monthly flea markets added to markets.csv."
sao-joao-da-madeira,São João da Madeira,23,7,2026-09-22,"Swept 22 Sep via the nocartaz DISTRICT page (distrito/aveiro/ or distrito/porto/), which is far richer than the concelho page and carries the concelho on each row. First rows for this concelho came from that sweep."
loule,Loulé,21,2,2026-09-24,"24 Sep: reached via nocartaz distrito/faro/. Cineteatro Louletano is a genuinely reliable room and carries theatre, jazz and children's shows with descriptions. Beware the 'Festa da Mae Soberana (N.S. Piedade), Loule' string, which is stamped on council meetings and on PARK(ING) DAY. || Reached via the viralagenda Algarve page"
vila-nova-de-famalicao,Vila Nova de Famalicão,21,10,2026-09-27,"27 Sep: 9 new rows via nocartaz distrito/braga/ - the best per-row yield of the district. TRAP, IMPORTANT: 'CLOSE-UP - Observatorio de Cinema de Famalicao' is printed as the venue on ~40 rows but it is the FESTIVAL name (it even appears as its own event, 'CLOSE-UP - Observatorio de Cinema (Edicao 11)', 10-17 Oct) - all those screening rows were skipped. The REAL rooms leak through on the cine-concerto rows only: Casa das Artes de Vila Nova de Famalicao (JP Simoes 10 Oct, Samuel Uria 17 Oct) and Teatro Narciso Ferreira (Club Makumba 14 Oct) - those three were taken. The other reliable room is 'Parque da Devesa / Casa do Territorio', which carries a genuine family/workshop programme with descriptions (Arte no Parque VI, Urban Sketchers, terracotta-olla and recycling workshops - 6 rows). CRU :: espaco cultural is also real. Next run: to get the Close-Up screenings, find the festival's venue list from its own page rather than the aggregator."
barcelos,Barcelos,14,11,2026-09-27,"27 Sep: 5 new rows via nocartaz distrito/braga/, all from the two trustworthy rooms - Theatro Gil Vicente (O Feiticeiro de Oz 11 Oct, O Principezinho 18 Oct, Jean Eustache triple bill 20 Oct) and Museu de Olaria de Barcelos (Cantarinha dos Namorados 24 Oct, Oficinas do 4.º Trimestre). TOWN-AS-VENUE IS THE RULE HERE, NOT THE EXCEPTION: 'Barcelos' is printed as the venue on roughly a dozen rows and most of those rows are COUNCIL PRESS RELEASES rather than events ('Municipio promove encontro participativo...', 'Barcelos assinala Mes da Igualdade...', 'Barcelos promove Semana Europeia do Desporto...', 'Artesanato de Barcelos saiu a rua...' - note the past tense, it already happened) and they are all stamped 21:00, a placeholder. Two real Barcelos things are trapped behind the town-as-venue string and worth chasing to a room: the 'Fim de Semana do Galo Assado' (served in 28 restaurants, so arguably has no single venue) and the 'Ceramica XL' ten-artist ceramics exhibition. || Theatro Gil Vicente is the only real venue and prints correctly - 5 rows taken. Roughly half the page is council news articles with no venue at all (mobility week, an equality seal, a congress). All times default to 21:00 and are not reliable. 'Jazz ao Largo' is a banner, but it is a genuine free riverfront festival."
portalegre,Portalegre,20,0,,
viana-do-castelo,Viana do Castelo,19,0,2026-09-23,"23 Sep: IMPORTANT - viralagenda.com/pt/viana-do-castelo is a DISTRICT page, not a concelho page. It returned 20 rows and NOT ONE was in Viana do Castelo town; they were Valenca, Moncao, Caminha, Arcos de Valdevez, Ponte de Lima, Paredes de Coura and Vila Nova de Cerveira - seven concelhos that had ZERO rows on the site before this run. VERDICT: KEEP, and treat it as the Alto Minho feed rather than a Viana one. Every row carries a REAL venue and the correct concelho (Teatro Diogo Bernardes, Cine-Teatro Joao Verde, Casa das Artes de Arcos de Valdevez, Academia de Musica Fortaleza de Valenca, Centro de Ciencia Viva dos Arcos, Espaco Valdevez, the municipal libraries, GRC Amigos de Seixas). NO DESCRIPTIONS on any row, so blurbs must be written from knowledge - that is what limited this run to 13 of 20 rows. Skip rows venued 'Valenca (cidade)' and 'Caminha (vila)'. Viana do Castelo town itself still needs its own source. || UNUSABLE THIS RUN - nothing added. Three separate contaminations: (1) 'VIANA Granfondo' is stamped as the venue on cycling events in Lousa, Moncao, Ourem, Serra d'Ossa and Portimao - all other towns; (2) 'Formula Kite World Championship (Cabedelo)' is stamped on a futsal tournament and a Walk with a Doc; (3) ten identical 'Sabado com Historias' library rows all dated 'seg 05 out' = placeholder date. Use viralagenda.com/pt/viana-do-castelo instead."
fafe,Fafe,18,13,2026-09-27,"27 Sep: reached via nocartaz distrito/braga/. NOTHING NEW - all five Fafe rows on the page (Ricardo Ribeiro 10 Oct, Together to get There 16 Oct, Cenas que acontecem 23 Oct, Celina Tavares 24 Oct, plus Nos Sozinhas) were already on site from earlier runs, and the district page prints NO description for any of them. The Teatro Cinema de Fafe season is effectively fully harvested to 20 Dec; do not spend a Fafe-specific fetch before January. || FIRST SWEEP. Clean single-venue season at Teatro Cinema de Fafe, no traps found - added all 15 listed shows through 20 Dec. No prices or years printed on the page; years inferred from weekday match. About a third have no synopsis at all (not even a vague one) - couldn't fill Description for those."
penafiel,Penafiel,18,0,2026-09-17,"nocartaz concelho page does not surface in search. viralagenda.com/pt/porto/penafiel works: only 4 rows, no descriptions. Ponto C - Cultura e Criatividade is the real room. 'X River Stone Fest' prints locality 'Rio de Moinhos' as venue; 'Apresentacao do Livro' has no title - both skipped."
entroncamento,Entroncamento,17,4,2026-09-21,"FIRST SWEEP 21 Sep via nocartaz distrito/santarem/. Cineteatro Sao Joao prints correctly for stage shows (added Gala - Uma Noite na Opera, Luis Trigacheiro - Tour ELA, the community dance project 'Estacao') but per the known trap also carries non-events elsewhere - verify the row is an actual performance before trusting the venue. Museu Nacional Ferroviario hosts Festival Vapor (3 Oct), the country's biggest steampunk festival - added, printed 3x on the page (same event, different phrasing) so only counted once."
lagoa,Lagoa,17,0,2026-09-27,"27 Sep FIRST SWEEP, and a NEW SOURCE TESTED: cm-lagoa.pt/viver/agenda-de-atividades loads and returns ~10 dated rows reaching 17 Oct, BUT IT PRINTS NO VENUE ON A SINGLE ROW and no descriptions either - every row is unwritable under the venue rule, so ZERO rows added. VERDICT MARGINAL, LEAD LIST ONLY (same class as aml.pt/agenda): it is the cheapest way to learn WHICH events exist in Lagoa - 13.º Festival Internacional de Guitarra de Lagoa (18 Sep - 1 Oct), Lagoa Magic Fest'26 (8-10 Oct), Polly Gibbons & Orquestra de Jazz do Algarve (17 Oct), Oficina de Roda de Oleiro (5-8 Oct), Mes Senior 2026 - but each needs a second source for the room. The likely room for most is the Auditorio Carlos do Carmo (cm-lagoa.pt/conhecer/espacos-culturais/auditorio-carlos-do-carmo) - NOT assumed, needs confirming. Also on the page: a Municipal Assembly session (not an event) and 'A Minha Terra Linda' / 'Mes Senior' as month-long placeholders. Next time try welcometolagoa.pt/agenda or viralagenda.com/pt/faro/lagoa for the venue column."
vila-real,Vila Real,17,2,2026-09-25,"25 Sep: swept via nocartaz.pt/distrito/vila-real/ (the DISTRICT page - it covers Vila Real, Chaves, Murca, Mesao Frio, Alijo and Peso da Regua at once). Descriptions present on most rows, which the concelho pages lack. Only 2 rows were publishable: FEEDBACK by Circolando (30 Sep, Teatro Municipal de Vila Real) and Mario Laginha | Retorno (11 Oct, Fundacao Casa de Mateus). EVERYTHING ELSE ON THE PAGE FAILED THE VENUE RULE - three rows print the aggregator string 'CM Murca', 'CM Chaves', 'CM Mesao Frio' as the venue (the known 'CM <town> - Agenda' trap), and 'A esta hora, na infancia neva' and 'Carlos Bica & Azul' print no venue at all. ALIJO TRAP: the district page files 'Braga Wine Experience 2026' (26 Sep) under ALIJO with the banner 'Feira dos Vinhos e Sabores dos Altos' as its venue while the description says the claustros of the Vila Gale - a festival name in the venue column AND a probable cross-listing; skipped. Alijo stays at 0 on site despite 48 listed. ||"
alenquer,Alenquer,16,0,2026-09-16,"Good haul this run via the concelho page: 'Alma do Vinho' (8th edition wine festival, 17-20 Sep) is a real named festival site with a genuine lineup (Sara Correia, Vizinhos, Miguel Araujo, Carolina de Deus all added as individual nights, not the umbrella). Rows whose venue just says 'Alenquer' or 'CM Alenquer - Agenda Municipal' have no real venue - skip (2o Trofeu BTT, Workshop de Pintura em Azulejo). 'Festa de Nossa Senhora da Piedade - Merceana' is a banner/festival name, not a room - skip too."
felgueiras,Felgueiras,16,1,2026-09-22,"Swept 22 Sep via the nocartaz DISTRICT page (distrito/aveiro/ or distrito/porto/), which is far richer than the concelho page and carries the concelho on each row. First rows for this concelho came from that sweep."
oliveira-de-azemeis,Oliveira de Azeméis,16,3,2026-09-22,"Swept 22 Sep via the nocartaz DISTRICT page (distrito/aveiro/ or distrito/porto/), which is far richer than the concelho page and carries the concelho on each row. First rows for this concelho came from that sweep."
torres-vedras,Torres Vedras,16,6,2026-09-13,"Venue column is literally 'Torres Vedras' on every row, so nothing is usable straight off the page - but the whole September-December programme is the Mercado Municipal's 16th-anniversary season, confirmed via ON FM, so the venue resolves to Mercado Municipal de Torres Vedras and it is all free."
carregal-do-sal,Carregal do Sal,15,0,,
lagos,Lagos,15,2,2026-09-24,24 Sep: reached via nocartaz distrito/faro/. Centro Cultural de Lagos prints cleanly. The Polly Gibbons / Algarve All Jazz rows are cross-listed all over the district under the 'Orquestra de Jazz do Algarve' banner - resolve each to its actual room before writing. || Reached via the viralagenda Algarve page
sesimbra,Sesimbra,15,5,2026-09-26,"27 Sep VENUE-RULE CLEANUP: a live row here was carrying an EMPTY venue column and was deleted this run (it rendered as a broken card). The event is real and worth re-adding once a room or a named start point is found: 'World Tourism Day Celebrations' (9 Sep - 16 Oct, umbrella programme from sesimbra.pt/geral/agenda-online). || 26 Sep: sesimbra.pt/geral/agenda-online re-swept (peninsula rotation slot). Still returns only titles/venues with NO descriptions on any row. The 18 rows returned are all events already harvested (Café Memória, Hora do Conto Musicada, Cineteatro João Mota season opener 2 Oct, Uma Casa Duas Histórias 10 Oct, etc) - nothing new this pass. || Re-swept sesimbra.pt/geral/agenda-online 21 Sep - still the best source for real venues (Biblioteca Municipal, Polo de Leitura da Quinta do Conde, Centro Cultural Costeiro). Added Festa em Honra de Nossa Senhora do Cabo Espichel (25-28 Sep, Santuario de Nossa Senhora do Cabo Espichel - the oldest festa in the municipality) and Visita a Docapesca de Sesimbra (22 Sep, World Tourism Day guided visit, real destination is Lota de Sesimbra not the Fortaleza de Santiago meeting point). Most rows on this page still print no venue ('Not shown') - library/community items skipped for that reason."
vale-de-cambra,Vale de Cambra,15,1,2026-09-22,"Swept 22 Sep via the nocartaz DISTRICT page (distrito/aveiro/ or distrito/porto/), which is far richer than the concelho page and carries the concelho on each row. First rows for this concelho came from that sweep."
amarante,Amarante,14,1,2026-09-22,"Swept 22 Sep via the nocartaz DISTRICT page (distrito/aveiro/ or distrito/porto/), which is far richer than the concelho page and carries the concelho on each row. First rows for this concelho came from that sweep."
arcos-de-valdevez,Arcos de Valdevez,14,2,2026-09-23,"23 Sep: FIRST ROWS EVER for this concelho, harvested from viralagenda.com/pt/viana-do-castelo. See the viana-do-castelo row for the source verdict. || "
miranda-do-corvo,Miranda do Corvo,14,0,,
moncao,Monção,14,2,2026-09-23,"23 Sep: FIRST ROWS EVER for this concelho, harvested from viralagenda.com/pt/viana-do-castelo. See the viana-do-castelo row for the source verdict. || "
valongo,Valongo,14,1,2026-09-22,"Swept 22 Sep via the nocartaz DISTRICT page (distrito/aveiro/ or distrito/porto/), which is far richer than the concelho page and carries the concelho on each row. First rows for this concelho came from that sweep."
albergaria-a-velha,Albergaria-a-Velha,13,8,2026-09-22,"Swept 22 Sep via the nocartaz DISTRICT page (distrito/aveiro/ or distrito/porto/), which is far richer than the concelho page and carries the concelho on each row. First rows for this concelho came from that sweep."
cartaxo,Cartaxo,13,0,2026-09-21,"FIRST SWEEP 21 Sep via nocartaz distrito/santarem/. Only 2 rows, both at Centro Cultural do Cartaxo (Marcelino Mesquita), both with no description ('PERVERTIDO ACIDENTAL' 26 Sep, 'CASA // CPBC' 24 Oct) - skipped for lack of description this run, but the venue is real and reliable so worth a second pass with a search for a synopsis."
espinho,Espinho,15,11,2026-09-22,"Cleanest page of this run. Auditorio de Espinho (Academia), FACE - Forum de Arte e Cultura de Espinho and Casino Espinho all print correctly; strong jazz and contemporary music season. Two catches: Lambchop prints three times under three title variants (kept one), and CINANIMA prints its own name as the venue - the 50th edition is on cinanima.pt as 06-22 Nov 2026, which is unusually long, so re-check the end date."
estremoz,Estremoz,13,1,2026-09-24,"24 Sep: FIRST ROW EVER. Reached via nocartaz distrito/evora/, not the concelho page. Cineteatro Bernardim Ribeiro is the real room and it carries cinema as well as stage shows. The district page is the way in - use distrito/evora/ rather than concelhos/estremoz/."
lousada,Lousada,12,1,2026-09-22,"Swept 22 Sep via the nocartaz DISTRICT page (distrito/aveiro/ or distrito/porto/), which is far richer than the concelho page and carries the concelho on each row. First rows for this concelho came from that sweep."
vila-do-conde,Vila do Conde,12,3,2026-09-22,"Swept 22 Sep via the nocartaz DISTRICT page (distrito/aveiro/ or distrito/porto/), which is far richer than the concelho page and carries the concelho on each row. First rows for this concelho came from that sweep."
celorico-da-beira,Celorico da Beira,11,0,,
olhao,Olhão,11,3,2026-09-24,"24 Sep: first rows. Reached via nocartaz distrito/faro/. Two real rooms: Auditorio Municipal de Olhao (Ricardo Ribeiro, Tiago Bettencourt - the only Faro-district row on the page that printed a price, 'desde 15 EUR') and Republica 14, an association venue carrying jazz. Both print cleanly."
ourem,Ourém,11,2,2026-09-21,"FIRST SWEEP 21 Sep via nocartaz distrito/santarem/. Teatro Municipal de Ourem (TMO) is a real, reliable venue with good one-line descriptions on most rows - added 4 (Caminho de Cabras, Banda Sinfonica da PSP + Orquestra Tipica de Ourem, Grant-Lee Phillips, Diogo Bataguas). 'CAMINHOS DE CABRA' (no description) and 'CAMINHO DE CABRAS' (with description) are the same show printed twice - kept the one with the blurb."
serpa,Serpa,11,0,,
arruda-dos-vinhos,Arruda dos Vinhos,10,0,,
bombarral,Bombarral,10,0,,
nordeste,Nordeste,10,0,,
seia,Seia,10,0,,
vizela,Vizela,10,0,2026-09-27,"27 Sep: appears on nocartaz distrito/braga/ with 4 rows (Festa de S. Miguel 29 Sep, Festa de N.ra Sr.a do Rosario Tagilde 4 Oct and S. Joao 18 Oct, Feira de Velharias e Antiguidades 25 Oct) but THE VENUE COLUMN IS THE WORD 'Vizela' ON EVERY ONE - town-as-venue, nothing writable. All four are real recurring popular festas/markets and would be good Community/Market rows if a room or a named largo could be found; try cm-vizela.pt next time. 0 rows added. || 26 Sep NEW CONCELHO SWEPT (never swept before, small under-20 pick): nocartaz.pt/concelhos/vizela/ returns 8 rows to December, but EVERY ROW prints 'Vizela' (the town itself) as its venue - a monthly antiques fair and several Festa/Romaria entries with no room or square named. Zero usable rows under the venue rule. Would need cm-vizela.pt or a feira/romaria-specific source with a real venue before this concelho can be harvested."
covilha,Covilhã,9,0,,
penalva-do-castelo,Penalva do Castelo,9,0,,
tabua,Tábua,9,0,,
tavira,Tavira,9,2,2026-09-24,"24 Sep: reached via nocartaz distrito/faro/. Biblioteca Municipal Alvaro de Campos is clean. CAUTION on Teatro Municipal Antonio Pinheiro: it is stamped on a 23:00 DJ set (kikocoxx) and a 14:30 Surma row as well as on real stage shows - trust it for concerts and theatre only. 'Visitar Tavira - Eventos' is an aggregator string, not a venue. || Reached via the viralagenda Algarve page"
agueda,Águeda,8,1,2026-09-22,"Swept 22 Sep via the nocartaz DISTRICT page (distrito/aveiro/ or distrito/porto/), which is far richer than the concelho page and carries the concelho on each row. First rows for this concelho came from that sweep."
esposende,Esposende,8,0,2026-09-27,"27 Sep: appears on nocartaz distrito/braga/ with 2 rows but both carry AGGREGATOR STRINGS in the venue column - 'Municipio de Esposende (Eventos)' (Transcavado BTT/GPS, 3 Oct) and 'Festas, Feiras e Romarias de Esposende (Visit Esposende)' (Festa do Pao, 4 Oct, a bread and milling festival at Marinhas). Not rooms. 0 rows added; the Festa do Pao is worth chasing to a real location."
madalena,Madalena,8,0,,
peniche,Peniche,8,0,,
peso-da-regua,Peso da Régua,8,4,2026-09-15,"Reached via nocartaz distrito/vila-real/ rather than a concelho page. AUDIR - Auditorio Municipal do Peso da Regua is a clean, real venue and prints a season running to Oct - two stage comedies (Escapadelas, Santo Antonio) and four film titles (Resident Evil, A Ovelha Chone, A Ilha Esquecida, Street Fighter), so the auditorium doubles as a cinema. No prices printed."
pombal,Pombal,8,0,,
santo-tirso,Santo Tirso,8,0,,
sao-pedro-do-sul,São Pedro do Sul,8,0,,
serta,Sertã,8,0,,
albufeira,Albufeira,7,1,2026-09-24,24 Sep: first row. Reached via nocartaz distrito/faro/. Auditorio Municipal de Albufeira is real; most other Albufeira rows on the page print the bare town name as the venue.
cabeceiras-de-basto,Cabeceiras de Basto,7,1,,
caminha,Caminha,7,2,2026-09-23,"23 Sep: FIRST ROWS EVER for this concelho, harvested from viralagenda.com/pt/viana-do-castelo. See the viana-do-castelo row for the source verdict. || "
fundao,Fundão,7,0,,
loures,Loures,7,0,,
lousa,Lousã,7,0,,
montalegre,Montalegre,7,0,,
sobral-de-monte-agraco,Sobral de Monte Agraço,7,0,,
tomar,Tomar,7,0,,
trofa,Trofa,7,1,,
vila-do-bispo,Vila do Bispo,7,0,,
alcobaca,Alcobaça,6,0,,
amadora,Amadora,6,1,,
baiao,Baião,6,2,2026-09-22,"Swept 22 Sep via the nocartaz DISTRICT page (distrito/aveiro/ or distrito/porto/), which is far richer than the concelho page and carries the concelho on each row. First rows for this concelho came from that sweep."
castro-marim,Castro Marim,6,0,,
idanha-a-nova,Idanha-a-Nova,6,0,,
miranda-do-douro,Miranda do Douro,6,0,,
moura,Moura,6,0,,
nazare,Nazaré,6,0,,
ponte-de-lima,Ponte de Lima,6,2,2026-09-23,"23 Sep: FIRST ROWS EVER for this concelho, harvested from viralagenda.com/pt/viana-do-castelo. See the viana-do-castelo row for the source verdict. || "
sardoal,Sardoal,6,1,2026-09-21,"FIRST SWEEP 21 Sep via nocartaz distrito/santarem/. Centro Cultural Gil Vicente (CCGV) is a real venue with several rows but most carry no description - added only Kilt Test com Diogo Bataguas (25 Sep), which has one. Celebratorium, O Primogenito, Palavra Puxa Palavra, Catarinas, Coro dos Comuns all skipped this run for lack of description - revisit if a second source turns one up."
arganil,Arganil,5,0,,
elvas,Elvas,5,0,,
ferreira-do-zezere,Ferreira do Zêzere,5,0,2026-09-21,"21 Sep via nocartaz distrito/santarem/: venue prints as 'CM Ferreira do Zezere - Agenda' aggregator label on every row, including one with a real description (Concerto Quinta do Bill e Filarmonicas, 26 Sep) - skipped for lack of a real venue name. Worth a second source if this town comes up again."
gouveia,Gouveia,5,0,,
lourinha,Lourinhã,5,0,,
odivelas,Odivelas,5,2,,
oliveira-de-frades,Oliveira de Frades,5,0,,
penamacor,Penamacor,5,0,,
soure,Soure,5,0,,
alcanena,Alcanena,4,0,2026-09-21,"21 Sep via nocartaz distrito/santarem/: venue prints as 'CM Alcanena - Agenda' aggregator label on every row, and two rows carry impossible times (04:30, 05:30) - the placeholder-time trap. Skip this page; no rows added."
alcoutim,Alcoutim,4,0,,
arouca,Arouca,4,0,,
carrazeda-de-ansiaes,Carrazeda de Ansiães,4,0,,
castro-verde,Castro Verde,4,0,,
golega,Golegã,4,1,2026-09-21,"FIRST SWEEP 21 Sep via nocartaz distrito/santarem/. The page prints 'Feira Nacional do Cavalo (Golega) - Sao Martinho' as if the venue and dated it only 11 Nov (Sao Martinho day) - the council's own site (cm-golega.pt) gives the real span, 6-15 Nov 2026, the 50th edition, at Largo do Arneiro. Used the council source instead of nocartaz for this row. 'CM Golega - Lista de Eventos' aggregator-label rows (Caminhadas pelo Concelho) skipped."
macedo-de-cavaleiros,Macedo de Cavaleiros,4,0,,
mirandela,Mirandela,4,0,,
montemor-o-novo,Montemor-o-Novo,4,1,2026-09-24,"24 Sep: first rows, reached via nocartaz distrito/evora/. O Espaco do Tempo (the Rui Horta company's converted convent) is the town's serious venue and carries contemporary dance and performance with real synopses. Worth watching - it programmes internationally."
pedrogao-grande,Pedrógão Grande,4,0,,
reguengos-de-monsaraz,Reguengos de Monsaraz,4,0,,
silves,Silves,4,1,2026-09-24,"24 Sep: reached via nocartaz distrito/faro/. Teatro Mascarenhas Gregorio is the real room. Note the page files Silves events under the 'Orquestra de Jazz do Algarve, Faro' banner - the Leon Baldesberger Dia Mundial da Musica row had to be resolved to Silves from the title. || Reached via the viralagenda Algarve page"
trancoso,Trancoso,4,0,,
viana-do-alentejo,Viana do Alentejo,4,0,,
vila-nova-de-cerveira,Vila Nova de Cerveira,4,0,2026-09-23,"23 Sep: FIRST ROWS EVER for this concelho, harvested from viralagenda.com/pt/viana-do-castelo. See the viana-do-castelo row for the source verdict. || "
alcochete,Alcochete,2,3,2026-09-25,"25 Sep: re-fetched cm-alcochete.pt/ListaEventos/agenda-de-eventos (the peninsula rotation slot - Alcochete was the stalest viable council at 19 Sep). CONFIRMED both live rows unchanged: O Principezinho - Teatro Musical (3 Oct, Forum Cultural de Alcochete) and Sakamoto 1996 (17 Oct, Forum Cultural de Alcochete). NOTHING NEW - the page lists 92 events but only those two fall after 25 Sep; everything else on it is already past. The source remains a KEEP (real venues, a description on every row) but it is thin right now - do not put it in the rotation again before mid-October. || NEW SOURCE, KEEP: cm-alcochete.pt/visitar/o-que-fazer/agenda-de-eventos redirects to a 404, but cm-alcochete.pt/ListaEventos/agenda-de-eventos works and lists ~80 rows back to Jan with real venues (Forum Cultural de Alcochete, Biblioteca de Alcochete, Museu Municipal, Posto de Turismo) and a one-line description on every row. Fixed the 'O Principezinho' no-venue gap from a prior run (Forum Cultural de Alcochete, 3 Oct). Added Sakamoto 1996 (17 Oct) and Brincadeiras Improvaveis na Vila (ongoing to 10 Oct)."
alvito,Alvito,3,0,,
barreiro,Barreiro,3,3,2026-10-02,"2 Oct: added 8.ª Feira Quinhentista de Coina (2-4 Oct, free, Largo do Mercado) from cm-barreiro.pt. agendab.pt tried: single-event pages only, not worth a fetch. || 29 Sep: OUT.FEST 2026 (1-4 Oct) was MISSING - added from newinbarreiro.nit.pt (thin agenda, no venues; useful for festival names) . outfest.pt and ruidosonoro.com sit behind a bot-check and return nothing. 24 Sep: FIRST NEW BARREIRO ROW IN WEEKS - 'Quando Menos Se Espera' at the Auditorio Municipal Augusto Cabrita (24 Sep), found on the viralagenda SETUBAL DISTRICT page, not on any Barreiro-specific page. NEW SOURCE TRIED AND DEAD: www.cm-barreiro.pt/conhecer/agenda-de-eventos/ returns nav and menu items only (the single dated string on it is '52 anos do 25 de Abril', a menu label) - the listing is script-loaded, same failure as cm-palmela and cm-seixal. DO NOT FETCH cm-barreiro AGAIN. The Auditorio Municipal Augusto Cabrita is a real, active room - reach it through viralagenda or songkick instead. || Same as Seixal - nocartaz has 3, viralagenda's district page has real Barreiro venues (Auditorio Municipal Augusto Cabrita, Cooperativa Mula). NEW THIS RUN: tried the council's own cm-barreiro.pt/conhecer/agenda-de-eventos/ page directly as a new source - it is script-loaded like cm-palmela.pt and returns only the nav menu/sitemap to a fetch, no event data. Do not spend a fetch on it again; the council does publish a real bimonthly PDF agenda (agenda-de-eventos-*-ja-disponivel posts) but that needs a different approach (PDF fetch) to be worth it."
ferreira-do-alentejo,Ferreira do Alentejo,3,0,,
figueira-de-castelo-rodrigo,Figueira de Castelo Rodrigo,3,0,,
gois,Góis,3,0,,
leiria,Leiria,3,0,,
marco-de-canaveses,Marco de Canaveses,3,1,,
mondim-de-basto,Mondim de Basto,3,0,,
murca,Murça,3,0,2026-09-15,"Reached via nocartaz distrito/vila-real/. Every row is stamped 'CM Murca - Agenda de Atividades' - an aggregator label per the trap list, not a room - so nothing usable this run even though one row (Biblioteca Municipal 21st-anniversary tertulia) plausibly has a real venue in its title."
murtosa,Murtosa,3,0,,
sao-bras-de-alportel,São Brás de Alportel,3,1,2026-09-24,24 Sep: re-confirmed via nocartaz distrito/faro/. Cine-Teatro Jaime Pinto prints cleanly and carries a regular cinema strand. || Reached via the viralagenda Algarve page
seixal,Seixal,3,10,2026-10-01,"1 Oct: peninsula rotation. cm-seixal.pt/agenda loads but prints ""Seixal"" as venue on every row - use viralagenda.com/pt/setubal/seixal instead (real venues, no descriptions, reaches 11 Oct). Added 9 rows incl. SeixalJazz (8-17 Oct, Fórum Cultural; programme PDF cm-seixal.pt/sites/default/files/documents/sbm_798_stm_17.pdf) - more SeixalJazz nights 15-17 Oct (Jason Moran, Myra Melford, Hugo Carvalhais) still to add. cm-seixal.pt/evento/seixal-cultural-2026 is the MAY edition (archive). || 24 Sep: Corrida da Bandeja 2026 (25 Sep, Jardim da Praca dos Martires da Liberdade) picked up from the viralagenda Setubal district page - a real named venue, unlike most Seixal rows which print the town or a parish name. || Only 3 on the nocartaz page; viralagenda's Setubal district page carries Seixal properly (Quinta do Rouxinol, Cinema Sao Vicente, Quinta da Marialva). Use viralagenda here. NEW SOURCE TRIED 20 Sep, VERDICT: NOT WORTH KEEPING. live.cm-seixal.pt/agenda does not resolve at all (DNS failure) - do not try it again. cm-seixal.pt root does list ~9 dated items but prints NO VENUE on any row and its 'description' is a single category word ('Musica', 'Danca', 'Visita', 'Exposicao'), so nothing on it can be written under the venue rule. It did surface three real council strands worth chasing from another source if one turns up: 43.a Seixalida (opened 19 Sep), 'Somos Todos Personagens' exhibition (19 Sep-31 Oct) and 'Ventos do Seixal | Concertos' (19 Sep-7 Nov)."
sintra,Sintra,3,2,,
vila-flor,Vila Flor,3,0,,
vila-nova-de-poiares,Vila Nova de Poiares,3,0,,
alvaiazere,Alvaiázere,2,0,,
armamar,Armamar,2,0,,
castro-daire,Castro Daire,2,0,,
chamusca,Chamusca,2,0,2026-09-21,"21 Sep via nocartaz distrito/santarem/: Cine-Teatro da Chamusca listed but every row has no description and one ('Corrida Sempre Mulher') is clearly a race not a stage show - skipped, matches the Entroncamento/Marinha Grande pattern of a real room stamped on non-performance items."
ilhavo,Ílhavo,2,1,2026-09-22,"Swept 22 Sep via the nocartaz DISTRICT page (distrito/aveiro/ or distrito/porto/), which is far richer than the concelho page and carries the concelho on each row. First rows for this concelho came from that sweep."
marvao,Marvão,2,0,,
mertola,Mértola,2,0,,
moimenta-da-beira,Moimenta da Beira,2,0,,
oliveira-do-bairro,Oliveira do Bairro,2,0,,
portimao,Portimão,2,0,,
redondo,Redondo,2,0,,
ribeira-grande,Ribeira Grande,2,0,,
santana,Santana,2,0,,
vila-real-de-santo-antonio,Vila Real de Santo António,2,1,2026-09-24,24 Sep: reached via nocartaz distrito/faro/. Centro Cultural Antonio Aleixo is the real room. || Reached via the viralagenda Algarve page
vinhais,Vinhais,2,0,,
aljezur,Aljezur,1,0,,
aljustrel,Aljustrel,1,0,,
alpiarca,Alpiarça,1,0,,
anadia,Anadia,1,0,,
belmonte,Belmonte,1,0,,
borba,Borba,1,0,,
cadaval,Cadaval,1,0,,
caldas-da-rainha,Caldas da Rainha,1,0,,
camara-de-lobos,Câmara de Lobos,1,0,,
castelo-branco,Castelo Branco,1,1,,
condeixa-a-nova,Condeixa-a-Nova,1,0,,
corvo,Corvo,1,0,,
lamego,Lamego,1,0,,
mangualde,Mangualde,1,0,,
mealhada,Mealhada,1,0,,
meda,Mêda,1,1,,
mesao-frio,Mesão Frio,1,0,,
mogadouro,Mogadouro,1,0,,
oleiros,Oleiros,1,0,,
oliveira-do-hospital,Oliveira do Hospital,1,0,,
pampilhosa-da-serra,Pampilhosa da Serra,1,0,,
penela,Penela,1,0,,
ribeira-de-pena,Ribeira de Pena,1,0,,
sabrosa,Sabrosa,1,0,,
salvaterra-de-magos,Salvaterra de Magos,1,0,,
santa-marta-de-penaguiao,Santa Marta de Penaguião,1,0,,
sever-do-vouga,Sever do Vouga,1,0,,
tabuaco,Tabuaço,1,0,,
torre-de-moncorvo,Torre de Moncorvo,1,0,,
vagos,Vagos,1,1,2026-09-22,"Swept 22 Sep via the nocartaz DISTRICT page (distrito/aveiro/ or distrito/porto/), which is far richer than the concelho page and carries the concelho on each row. First rows for this concelho came from that sweep."
vila-de-rei,Vila de Rei,1,0,,
vila-nova-de-foz-coa,Vila Nova de Foz Côa,1,0,,
vila-vicosa,Vila Viçosa,1,0,,
grandola,Grândola,,1,2026-09-22,Row created 22 Sep - the concelho was missing from this file entirely despite being home-region and appearing on viralagenda's Setubal district page. First row harvested this run (Nucleo Museologico da Olaria de Melides).
vila-verde,Vila Verde,,1,,
paredes-de-coura,Paredes-De-Coura,,1,2026-09-23,"23 Sep: FIRST ROWS EVER for this concelho, harvested from viralagenda.com/pt/viana-do-castelo. See the viana-do-castelo row for the source verdict. || "
