Place,Town,Condition,Requirement,Regular price,Notes,Source
Museu de Lisboa (Palácio Pimenta),Lisbon,Sundays & holidays until 14:00,Lisbon residents,€3,Casa dos Bicos site is always free to everyone,https://www.timeout.pt/lisboa/pt/coisas-para-fazer/guia-para-nao-pagar-entrada-nos-museus-em-lisboa
MAAT — Museu de Arte Arquitetura e Tecnologia,Lisbon,First Sunday of the month 10:00-13:00,Portugal residents,€11,Show ID/NIF proving Portuguese residency at the desk,https://www.timeout.pt/lisboa/pt/coisas-para-fazer/guia-para-nao-pagar-entrada-nos-museus-em-lisboa
MAC/CCB — Museu de Arte Contemporânea,Lisbon,Every Sunday until 14:00,Portugal residents,€15,,https://www.timeout.pt/lisboa/pt/coisas-para-fazer/guia-para-nao-pagar-entrada-nos-museus-em-lisboa
Fundação Arpad Szenes – Vieira da Silva,Lisbon,Every day,Lisbon residents,€7.50,Free for all visitors on Sundays too,https://www.timeout.pt/lisboa/pt/coisas-para-fazer/guia-para-nao-pagar-entrada-nos-museus-em-lisboa
Museu da Marioneta,Lisbon,Sundays & holidays until 14:00,Portugal residents,€5,,https://www.timeout.pt/lisboa/pt/coisas-para-fazer/guia-para-nao-pagar-entrada-nos-museus-em-lisboa
Museu Nacional de Arte Antiga,Lisbon,"Sundays & public holidays, all day",Portugal residents,€10,Take your Cartão de Cidadão or NIF to the desk,https://www.portugal.gov.pt/pt/gc23/comunicacao/noticia?i=museus-e-monumentos-gratuitos-para-residentes-aos-domingos-e-feriados
Museu Nacional do Azulejo,Lisbon,"Sundays & public holidays, all day",Portugal residents,€10,Take your Cartão de Cidadão or NIF to the desk,https://www.portugal.gov.pt/pt/gc23/comunicacao/noticia?i=museus-e-monumentos-gratuitos-para-residentes-aos-domingos-e-feriados
Museu Nacional de Arqueologia,Lisbon,"Sundays & public holidays, all day",Portugal residents,€6,Take your Cartão de Cidadão or NIF to the desk,https://www.portugal.gov.pt/pt/gc23/comunicacao/noticia?i=museus-e-monumentos-gratuitos-para-residentes-aos-domingos-e-feriados
Museu Nacional dos Coches,Lisbon,"Sundays & public holidays, all day",Portugal residents,€8,Take your Cartão de Cidadão or NIF to the desk,https://www.portugal.gov.pt/pt/gc23/comunicacao/noticia?i=museus-e-monumentos-gratuitos-para-residentes-aos-domingos-e-feriados
Museu de Arte Contemporânea do Chiado,Lisbon,"Sundays & public holidays, all day",Portugal residents,€6,Take your Cartão de Cidadão or NIF to the desk,https://www.portugal.gov.pt/pt/gc23/comunicacao/noticia?i=museus-e-monumentos-gratuitos-para-residentes-aos-domingos-e-feriados
Casa-Museu Dr. Anastácio Gonçalves,Lisbon,"Sundays & public holidays, all day",Portugal residents,€4,Take your Cartão de Cidadão or NIF to the desk,https://www.portugal.gov.pt/pt/gc23/comunicacao/noticia?i=museus-e-monumentos-gratuitos-para-residentes-aos-domingos-e-feriados
Museu Nacional Soares dos Reis,Porto,"Sundays & public holidays, all day",Portugal residents,€10,Take your Cartão de Cidadão or NIF to the desk,https://museusoaresdosreis.gov.pt/free-visits-on-sundays-and-public-holidays-throughout-the-day/?lang=en
Casa-Museu Fernando de Castro,Porto,"Sundays & public holidays, all day",Portugal residents,€5,Run by Soares dos Reis; same free-entry rule,https://museusoaresdosreis.gov.pt/free-visits-on-sundays-and-public-holidays-throughout-the-day/?lang=en
Centro Português de Fotografia,Porto,"Always free, every day",Everyone,Free,In the old Cadeia da Relação courthouse and jail,https://www.deferias.pt/museus-gratis-ao-domingo-em-portugal/
Museu do Porto,Porto,"Every Sunday, all day",Portugal residents,,Spread across several sites in the city,https://www.deferias.pt/museus-gratis-ao-domingo-em-portugal/
Museu de Arte Contemporânea de Serralves,Porto,"First Sunday of the month, 10:00–13:00",Portugal residents,,Free window covers the museum; the park is ticketed separately,https://www.deferias.pt/museus-gratis-ao-domingo-em-portugal/
Museu D. Diogo de Sousa,Braga,"Sundays & public holidays, all day",Portugal residents,,Braga's archaeology museum,https://www.portugal.gov.pt/pt/gc23/comunicacao/noticia?i=museus-e-monumentos-gratuitos-para-residentes-aos-domingos-e-feriados
Museu dos Biscainhos,Braga,"Sundays & public holidays, all day",Portugal residents,,Baroque palace with its own gardens,https://www.portugal.gov.pt/pt/gc23/comunicacao/noticia?i=museus-e-monumentos-gratuitos-para-residentes-aos-domingos-e-feriados
Mosteiro de São Martinho de Tibães,Braga,"Sundays & public holidays, all day",Portugal residents,,,https://www.portugal.gov.pt/pt/gc23/comunicacao/noticia?i=museus-e-monumentos-gratuitos-para-residentes-aos-domingos-e-feriados
Santuário do Bom Jesus do Monte,Braga,"Always free, every day",Everyone,Free,The funicular up the hill is ticketed separately,https://www.deferias.pt/museus-gratis-ao-domingo-em-portugal/
Museu de Alberto Sampaio,Guimarães,"Sundays & public holidays, all day",Portugal residents,,,https://www.portugal.gov.pt/pt/gc23/comunicacao/noticia?i=museus-e-monumentos-gratuitos-para-residentes-aos-domingos-e-feriados
Paço dos Duques de Bragança,Guimarães,"Sundays & public holidays, all day",Portugal residents,,,https://www.portugal.gov.pt/pt/gc23/comunicacao/noticia?i=museus-e-monumentos-gratuitos-para-residentes-aos-domingos-e-feriados
Castelo de Guimarães,Guimarães,"Sundays & public holidays, all day",Portugal residents,,,https://www.portugal.gov.pt/pt/gc23/comunicacao/noticia?i=museus-e-monumentos-gratuitos-para-residentes-aos-domingos-e-feriados
Museu Nacional Machado de Castro,Coimbra,"Sundays & public holidays, all day",Portugal residents,,"Built over the Roman cryptoporticus, which is part of the visit",https://www.portugal.gov.pt/pt/gc23/comunicacao/noticia?i=museus-e-monumentos-gratuitos-para-residentes-aos-domingos-e-feriados
Museu Monográfico de Conímbriga,Condeixa-a-Nova,"Sundays & public holidays, all day",Portugal residents,,Ticket covers the Roman ruins as well as the museum,https://www.portugal.gov.pt/pt/gc23/comunicacao/noticia?i=museus-e-monumentos-gratuitos-para-residentes-aos-domingos-e-feriados
Mosteiro da Batalha,Batalha,"Sundays & public holidays, all day",Portugal residents,,,https://www.portugal.gov.pt/pt/gc23/comunicacao/noticia?i=museus-e-monumentos-gratuitos-para-residentes-aos-domingos-e-feriados
Museu de Aveiro / Santa Joana,Aveiro,"Sundays & public holidays, all day",Portugal residents,,,https://www.portugal.gov.pt/pt/gc23/comunicacao/noticia?i=museus-e-monumentos-gratuitos-para-residentes-aos-domingos-e-feriados
Museu Marítimo de Ílhavo,Ílhavo,"Second Sunday of the month, 14:00–18:00",Portugal residents,,The cod-fishing ship Santo André is a separate ticket,https://www.deferias.pt/museus-gratis-ao-domingo-em-portugal/
Museu Municipal de Espinho,Espinho,"Every Saturday, all day",Everyone,Free,,https://www.deferias.pt/museus-gratis-ao-domingo-em-portugal/
Museu Nacional Frei Manuel do Cenáculo,Évora,"Sundays & public holidays, all day",Portugal residents,,,https://www.portugal.gov.pt/pt/gc23/comunicacao/noticia?i=museus-e-monumentos-gratuitos-para-residentes-aos-domingos-e-feriados
Centro de Arte e Cultura Eugénio de Almeida,Évora,"Always free, every day",Everyone,Free,,https://www.deferias.pt/museus-gratis-ao-domingo-em-portugal/
Museu Municipal de Faro,Faro,Sunday mornings until 14:00,Everyone,,"In the Convento de Nossa Senhora da Assunção, inside the old town walls",https://www.deferias.pt/museus-gratis-ao-domingo-em-portugal/
Museu Municipal de Olhão,Olhão,"Always free, every day",Everyone,Free,,https://www.deferias.pt/museus-gratis-ao-domingo-em-portugal/
Fortaleza de Sagres,Vila do Bispo,"Sundays & public holidays, all day",Portugal residents,,,https://www.portugal.gov.pt/pt/gc23/comunicacao/noticia?i=museus-e-monumentos-gratuitos-para-residentes-aos-domingos-e-feriados
Museu de Angra do Heroísmo,Angra do Heroísmo,"Always free, every day",Everyone,Free,Azores regional museums are free daily,https://www.deferias.pt/museus-gratis-ao-domingo-em-portugal/
Museu Carlos Machado,Ponta Delgada,"Always free, every day",Everyone,Free,Azores regional museums are free daily,https://www.deferias.pt/museus-gratis-ao-domingo-em-portugal/
